person_id,loan_status
10751,0
17513,0
17071,0
35944,0
15750,0
20533,0
9858,0
17445,0
18043,0
11046,0
34952,0
15679,0
18149,0
24165,0
30551,0
18586,0
32985,0
21902,0
41212,0
38291,0
31675,0
37122,0
7710,0
43710,0
3981,0
28775,0
13168,0
10223,0
21566,0
38259,0
18868,0
10421,0
38058,0
36306,0
7167,0
30487,0
3730,0
37828,0
6137,0
500,0
33541,0
25772,0
37225,0
12055,0
41480,0
19489,0
35916,0
3036,0
20637,0
32675,0
7055,0
8351,0
36935,0
14752,0
22926,0
37608,0
8065,0
32892,0
24815,0
3753,0
33628,0
3374,0
25817,0
19150,0
43601,0
12604,0
21091,0
26921,0
35840,0
33569,0
34148,0
17621,0
31310,0
35376,0
8836,0
23322,0
26176,0
20137,0
1813,0
21003,0
31213,0
36414,0
40649,0
18445,0
31782,0
41582,0
9782,0
33592,0
32129,0
39518,0
16503,0
26938,0
38661,0
36362,0
34741,0
34858,0
3784,0
27491,0
2677,0
24791,0
863,0
9529,0
39156,0
14330,0
25082,0
25442,0
18167,0
33563,0
22123,0
20684,0
15276,0
6738,0
22780,0
35780,0
44286,0
38388,0
30104,0
19695,0
25639,0
4607,0
44504,0
27916,0
23616,0
24559,0
36964,0
40101,0
19238,0
10793,0
6233,0
24237,0
28999,0
23692,0
33841,0
462,0
22506,0
1411,0
833,0
17125,0
13272,0
29201,0
25102,0
12472,0
12413,0
34581,0
25038,0
11892,0
43614,0
10172,0
14963,0
17779,0
9664,0
28114,0
24336,0
30223,0
9509,0
22860,0
15868,0
44495,0
5683,0
34600,0
44752,0
5418,0
34449,0
13991,0
28434,0
5391,0
16841,0
42665,0
41801,0
30882,0
29441,0
16951,0
66,0
26075,0
3145,0
18158,0
28246,0
12497,0
3512,0
19282,0
12759,0
11965,0
4041,0
6187,0
31056,0
1610,0
3468,0
30804,0
34352,0
40519,0
43816,0
22957,0
7502,0
9316,0
1742,0
12000,0
23236,0
33938,0
18808,0
32363,0
8481,0
39112,0
15297,0
16984,0
16995,0
2844,0
19560,0
11330,0
17199,0
43626,0
14374,0
43498,0
17340,0
17362,0
38457,0
13612,0
7650,0
24782,0
32448,0
35723,0
1221,0
33530,0
30668,0
6322,0
15115,0
44734,0
23916,0
34334,0
15240,0
3426,0
29156,0
34026,0
9796,0
8972,0
8517,0
29723,0
21196,0
309,0
30847,0
14811,0
19696,0
28418,0
15784,0
26728,0
40203,0
15311,0
2606,0
18104,0
35647,0
2363,0
20293,0
20325,0
33993,0
6215,0
14993,0
27451,0
31876,0
16649,0
24105,0
27297,0
17226,0
2558,0
22913,0
41693,0
28269,0
41530,0
16457,0
7177,0
39845,0
19153,0
34119,0
30675,0
7223,0
42321,0
18705,0
17178,0
1350,0
27176,0
2733,0
22047,0
42710,0
10233,0
19758,0
8003,0
39432,0
33750,0
272,0
24155,0
25098,0
3579,0
22167,0
6340,0
6457,0
33042,0
43193,0
29918,0
22486,0
14204,0
1947,0
36248,0
1304,0
29618,0
16908,0
24113,0
924,0
7946,0
11880,0
411,0
36511,0
40965,0
39948,0
17460,0
35928,0
18288,0
38017,0
26898,0
9033,0
2946,0
34095,0
10664,0
20503,0
21914,0
24838,0
44034,0
28758,0
27991,0
8817,0
26588,0
37482,0
33963,0
29313,0
18961,0
44970,0
41281,0
31430,0
18917,0
5220,0
34153,0
23380,0
15912,0
36396,0
13544,0
34865,0
10583,0
22435,0
15441,0
6645,0
4057,0
31094,0
8195,0
13124,0
12644,0
39013,0
37218,0
7319,0
41125,0
6569,0
43708,0
38554,0
2508,0
31856,0
3229,0
1806,0
16086,0
27492,0
34320,0
191,0
19436,0
5957,0
18752,0
22702,0
27539,0
30011,0
27783,0
25445,0
37674,0
23241,0
2151,0
1632,0
39506,0
3527,0
54,0
12143,0
20888,0
17610,0
9351,0
39249,0
41974,0
178,0
7594,0
16684,0
40361,0
15614,0
13257,0
40498,0
26411,0
31160,0
23643,0
20343,0
43830,0
23529,0
13986,0
27755,0
23335,0
33258,0
12889,0
31080,0
2434,0
1782,0
16178,0
3944,0
35872,0
10669,0
16875,0
19684,0
44179,0
23689,0
13131,0
32044,0
4564,0
4693,0
39238,0
7518,0
4656,0
23231,0
41387,0
16182,0
450,0
28094,0
9034,0
1661,0
36288,0
11023,0
1548,0
35360,0
37221,0
20469,0
30638,0
20788,0
43793,0
43813,0
31304,0
7487,0
26446,0
40035,0
25090,0
13265,0
23918,0
32028,0
27884,0
30211,0
20687,0
42632,0
35488,0
8605,0
3649,0
33824,0
42173,0
28433,0
12668,0
25226,0
43328,0
41813,0
27093,0
11106,0
26477,0
2488,0
36301,0
12657,0
18965,0
25937,0
29576,0
40360,0
29352,0
33484,0
14965,0
40239,0
4534,0
316,0
10407,0
33421,0
31644,0
14984,0
210,0
40445,0
6052,0
26609,0
28708,0
5616,0
32626,0
25889,0
33738,0
26464,0
9283,0
42751,0
31891,0
36532,0
25786,0
35311,0
38459,0
5430,0
20572,0
6688,0
6268,0
5144,0
43447,0
10487,0
44669,0
39301,0
30741,0
39767,0
10958,0
35811,0
23787,0
10338,0
15775,0
27130,0
15815,0
10953,0
23485,0
1963,0
37956,0
26531,0
8012,0
25851,0
23046,0
9930,0
25653,0
38542,0
16974,0
4187,0
6957,0
13975,0
15727,0
32127,0
18181,0
30399,0
36820,0
24085,0
40292,0
23606,0
35080,0
10629,0
17147,0
8458,0
41931,0
35320,0
13658,0
42501,0
24806,0
6817,0
38451,0
10663,0
14623,0
17684,0
41095,0
12856,0
29765,0
8597,0
30299,0
35929,0
133,0
27622,0
13560,0
28198,0
11978,0
12236,0
1191,0
4323,0
14809,0
22765,0
1639,0
2484,0
35508,0
42068,0
23907,0
41990,0
2328,0
23478,0
8450,0
19301,0
28187,0
30550,0
13153,0
15443,0
8599,0
16031,0
14216,0
3846,0
40828,0
13206,0
22881,0
18373,0
42645,0
952,0
33249,0
10107,0
2967,0
28232,0
43887,0
10802,0
34000,0
44497,0
2740,0
19915,0
16486,0
35974,0
26638,0
15898,0
23682,0
44541,0
15235,0
39158,0
24033,0
12296,0
30597,0
24222,0
44322,0
43560,0
21431,0
7858,0
2696,0
42211,0
6588,0
41649,0
15925,0
21444,0
39357,0
35253,0
40278,0
35027,0
33954,0
43088,0
6519,0
2577,0
2097,0
10095,0
21514,0
21961,0
20746,0
17833,0
4573,0
44920,0
34689,0
2249,0
24362,0
12201,0
16632,0
33158,0
28400,0
15486,0
21613,0
7398,0
6141,0
14306,0
40793,0
44310,0
40426,0
33695,0
19966,0
26418,0
30036,0
20004,0
13876,0
41865,0
12590,0
36140,0
7497,0
13520,0
9979,0
21099,0
31426,0
41309,0
43645,0
12906,0
7747,0
19312,0
6092,0
21167,0
36484,0
4878,0
35417,0
15915,0
33846,0
5053,0
24291,0
16563,0
20131,0
11823,0
28988,0
25235,0
40724,0
25599,0
34434,0
32422,0
21803,0
9895,0
2994,0
29396,0
31061,0
21742,0
44929,0
19313,0
42693,0
16975,0
41686,0
41403,0
34465,0
13313,0
21408,0
23754,0
36576,0
31641,0
42582,0
21996,0
2416,0
24488,0
20,0
38002,0
25616,0
35276,0
28965,0
6428,0
17017,0
25138,0
31785,0
10805,0
23590,0
35381,0
20376,0
30861,0
36866,0
986,0
43712,0
15430,0
28863,0
41298,0
16400,0
23611,0
43950,0
27048,0
21311,0
4837,0
7298,0
42703,0
10841,0
19472,0
9986,0
40366,0
30233,0
21205,0
35044,0
19061,0
25064,0
9653,0
44082,0
10078,0
36431,0
14759,0
20068,0
23946,0
24728,0
39196,0
2345,0
8685,0
22673,0
26887,0
16127,0
34154,0
31769,0
7002,0
38987,0
9634,0
8885,0
9899,0
6814,0
13605,0
29294,0
34234,0
35404,0
23723,0
22104,0
38531,0
7744,0
2038,0
28724,0
19214,0
41034,0
15221,0
27211,0
25670,0
2587,0
17686,0
3187,0
39342,0
19683,0
11907,0
17969,0
12231,0
28883,0
15466,0
25378,0
10900,0
7732,0
7664,0
34260,0
30448,0
32585,0
37791,0
24753,0
25041,0
36990,0
28354,0
12669,0
11570,0
29314,0
19838,0
35147,0
33790,0
20248,0
35070,0
32303,0
1604,0
755,0
39256,0
20704,0
16275,0
30374,0
42628,0
2412,0
14788,0
43517,0
39802,0
15943,0
28119,0
35047,0
9009,0
6617,0
31737,0
21962,0
36118,0
24249,0
38304,0
9861,0
38116,0
2746,0
4347,0
20811,0
28634,0
36647,0
19836,0
1173,0
482,0
3828,0
745,0
2647,0
13198,0
7456,0
40056,0
28358,0
18261,0
4355,0
21681,0
38743,0
2466,0
976,0
31955,0
20144,0
20752,0
35420,0
40818,0
15619,0
39232,0
16474,0
18711,0
40421,0
19051,0
11449,0
43202,0
41282,0
38442,0
444,0
23874,0
13550,0
30002,0
32379,0
1663,0
33252,0
34281,0
5303,0
33497,0
42571,0
15722,0
24056,0
17301,0
36812,0
16435,0
18295,0
32247,0
29989,0
32516,0
9827,0
33202,0
6716,0
32310,0
4835,0
2785,0
10533,0
40924,0
40736,0
8123,0
35382,0
7433,0
2399,0
39428,0
13327,0
29088,0
20995,0
28188,0
44746,0
43032,0
36116,0
44225,0
16968,0
37563,0
1942,0
22395,0
41139,0
12700,0
38284,0
18933,0
33298,0
9687,0
38387,0
8106,0
23956,0
40448,0
5189,0
27010,0
33451,0
511,0
43642,0
12985,0
18032,0
2420,0
3882,0
860,0
37246,0
35455,0
1938,0
29014,0
24713,0
31734,0
31713,0
11929,0
2905,0
43094,0
12801,0
28967,0
26094,0
10621,0
3157,0
8758,0
32647,0
42715,0
5651,0
22831,0
35725,0
18831,0
2571,0
38762,0
39326,0
35862,0
3334,0
35852,0
2041,0
37300,0
7061,0
30813,0
43171,0
20889,0
9761,0
31147,0
8035,0
14659,0
24235,0
39226,0
11615,0
26775,0
38409,0
5912,0
752,0
11963,0
37171,0
9356,0
12628,0
34151,0
4383,0
5214,0
8813,0
44760,0
4608,0
13901,0
9692,0
6873,0
20812,0
21185,0
16789,0
24655,0
22426,0
7377,0
32872,0
34636,0
37714,0
43063,0
16917,0
38102,0
30051,0
10282,0
30533,0
42974,0
41592,0
35591,0
5280,0
7238,0
34317,0
25596,0
27513,0
43220,0
8426,0
41769,0
25938,0
16449,0
10847,0
33941,0
25390,0
32874,0
28704,0
28097,0
36485,0
30109,0
12987,0
29008,0
24861,0
5869,0
31881,0
1187,0
42532,0
36050,0
8362,0
12996,0
12177,0
18772,0
4060,0
31748,0
17920,0
4795,0
41364,0
26275,0
41681,0
26618,0
7671,0
39759,0
42236,0
22540,0
3193,0
35130,0
41450,0
15082,0
38174,0
17864,0
10625,0
15437,0
10341,0
23000,0
39966,0
30473,0
24695,0
43783,0
11707,0
9619,0
15199,0
31431,0
542,0
27631,0
20245,0
30277,0
15373,0
30777,0
6570,0
10608,0
9026,0
10481,0
42242,0
13661,0
28831,0
5491,0
407,0
3423,0
31187,0
33241,0
7952,0
854,0
25314,0
21292,0
22846,0
30445,0
40546,0
26604,0
13733,0
18956,0
6819,0
43815,0
12411,0
25271,0
3885,0
42318,0
14146,0
21370,0
5860,0
30770,0
17241,0
28867,0
39114,0
11345,0
39877,0
5375,0
25628,0
17230,0
44624,0
10899,0
44670,0
4125,0
31322,0
39527,0
13774,0
25942,0
765,0
13761,0
6787,0
28706,0
37756,0
7379,0
4153,0
25680,0
35539,0
42184,0
15515,0
3159,0
34484,0
20945,0
20785,0
38476,0
11620,0
20527,0
11205,0
1223,0
17724,0
36236,0
12913,0
37954,0
42119,0
32031,0
25789,0
9360,0
26046,0
15671,0
32259,0
19443,0
22116,0
34534,0
8422,0
33178,0
29525,0
41809,0
5385,0
6999,0
38289,0
24164,0
3109,0
20667,0
8292,0
7932,0
17730,0
17305,0
33999,0
10928,0
12726,0
43356,0
4736,0
14735,0
8866,0
28262,0
6908,0
25142,0
33535,0
16163,0
20773,0
19964,0
39289,0
44955,0
44010,0
30511,0
27892,0
5673,0
1957,0
23703,0
8250,0
36240,0
40172,0
18988,0
29158,0
22011,0
43187,0
8618,0
3243,0
19526,0
24929,0
40290,0
17823,0
19740,0
39707,0
24823,0
32630,0
17547,0
28850,0
8695,0
13382,0
20050,0
43987,0
8449,0
6033,0
824,0
32396,0
10354,0
41983,0
35120,0
26987,0
35260,0
41792,0
16713,0
4465,0
41484,0
9211,0
20626,0
17713,0
27324,0
28493,0
12166,0
30392,0
20098,0
16508,0
12505,0
7235,0
40700,0
3190,0
40117,0
29299,0
34399,0
33322,0
6109,0
41430,0
11811,0
23149,0
38641,0
25778,0
28403,0
7728,0
3997,0
30418,0
25745,0
19069,0
12289,0
13814,0
1397,0
33770,0
4205,0
23650,0
37695,0
6243,0
18723,0
22815,0
28671,0
26326,0
12875,0
17709,0
4067,0
41230,0
19675,0
13126,0
13905,0
44332,0
17594,0
43367,0
25561,0
30645,0
36757,0
17119,0
5448,0
7026,0
13929,0
27685,0
38541,0
29671,0
8122,0
1,0
15908,0
18321,0
18747,0
5942,0
15208,0
44587,0
25696,0
8564,0
37637,0
14686,0
7837,0
20029,0
1694,0
7008,0
35681,0
19747,0
39370,0
27640,0
6432,0
19775,0
5800,0
35362,0
3276,0
32267,0
4320,0
6852,0
28100,0
4014,0
38567,0
8878,0
13595,0
880,0
37145,0
42324,0
31027,0
4535,0
12370,0
36091,0
10190,0
16894,0
32755,0
20061,0
25233,0
16004,0
31917,0
36539,0
12061,0
12027,0
27495,0
43572,0
9062,0
11646,0
36234,0
12315,0
8820,0
33741,0
25840,0
22069,0
30323,0
11488,0
34679,0
37423,0
11925,0
22694,0
17795,0
377,0
27400,0
21136,0
11160,0
22663,0
30141,0
27608,0
17960,0
35742,0
23110,0
400,0
40879,0
20101,0
24887,0
14830,0
7553,0
42998,0
17444,0
14467,0
6848,0
26238,0
9209,0
9105,0
28732,0
24403,0
22526,0
9753,0
23303,0
29924,0
6789,0
44120,0
14973,0
26289,0
41612,0
22072,0
26012,0
3208,0
7322,0
14354,0
40645,0
42792,0
28585,0
30738,0
35970,0
28975,0
3740,0
42964,0
33329,0
6147,0
26393,0
4431,0
16526,0
10689,0
10508,0
10089,0
22811,0
28054,0
39857,0
9193,0
33279,0
32338,0
17328,0
35579,0
5866,0
10582,0
2205,0
2359,0
38784,0
9152,0
44903,0
41824,0
13401,0
17486,0
14666,0
27936,0
20125,0
10744,0
35610,0
13142,0
17175,0
37625,0
3540,0
6636,0
29833,0
10605,0
6634,0
3675,0
17731,0
27694,0
32722,0
28713,0
5904,0
28717,0
130,0
33621,0
21244,0
23007,0
14961,0
25987,0
32483,0
1408,0
10494,0
330,0
33012,0
2010,0
22566,0
6386,0
38568,0
26572,0
1652,0
22173,0
25765,0
31139,0
43638,0
39985,0
41431,0
39443,0
24649,0
14232,0
38087,0
29163,0
3919,0
26389,0
12783,0
354,0
2615,0
44890,0
41717,0
36474,0
37580,0
4801,0
16793,0
18491,0
36386,0
10595,0
18507,0
18289,0
40756,0
6391,0
18061,0
24907,0
12863,0
9411,0
38240,0
1399,0
8943,0
40143,0
20778,0
39944,0
37592,0
31381,0
6365,0
29762,0
22920,0
38019,0
40379,0
40872,0
3393,0
2809,0
32217,0
23080,0
12942,0
32236,0
41570,0
5473,0
26461,0
14817,0
22965,0
11913,0
7371,0
39693,0
12414,0
30812,0
31749,0
42648,0
37684,0
7834,0
2711,0
38942,0
22042,0
13059,0
25270,0
31171,0
31052,0
23683,0
18789,0
11538,0
31168,0
34643,0
1325,0
19540,0
9355,0
9616,0
13958,0
27274,0
40113,0
31040,0
29159,0
6311,0
33321,0
7560,0
18598,0
23741,0
8185,0
1939,0
25771,0
20757,0
19993,0
35641,0
7473,0
21823,0
2940,0
41975,0
9061,0
29074,0
20908,0
39709,0
29629,0
35550,0
28753,0
44001,0
43562,0
1547,0
43152,0
39574,0
11501,0
39854,0
17329,0
37640,0
23115,0
26950,0
26515,0
2104,0
24796,0
9142,0
23454,0
2640,0
1124,0
34464,0
9103,0
11355,0
24566,0
2141,0
8814,0
528,0
3774,0
7107,0
42619,0
22488,0
25792,0
30034,0
36600,0
34248,0
35959,0
7721,0
39988,0
41580,0
23599,0
38958,0
6012,0
14634,0
12345,0
10439,0
43541,0
1673,0
3458,0
30144,0
20558,0
40635,0
7154,0
2808,0
2625,0
14991,0
20777,0
33697,0
9086,0
30297,0
36277,0
24267,0
44052,0
7418,0
40227,0
23634,0
29011,0
22758,0
13717,0
7568,0
179,0
10710,0
18147,0
4629,0
8341,0
39293,0
30552,0
33466,0
13006,0
33736,0
30713,0
21276,0
18145,0
5276,0
6460,0
29711,0
6197,0
48,0
33662,0
1914,0
36877,0
26379,0
33538,0
12718,0
24938,0
14186,0
16927,0
646,0
27635,0
25288,0
35663,0
42741,0
9639,0
3284,0
426,0
1804,0
10292,0
34957,0
44273,0
38266,0
14365,0
25615,0
18923,0
38960,0
27118,0
35291,0
27389,0
857,0
33436,0
7607,0
5818,0
42579,0
32343,0
38446,0
3870,0
7985,0
20818,0
27245,0
40476,0
24360,0
27826,0
11798,0
22176,0
18906,0
15710,0
3206,0
30605,0
9038,0
37071,0
10506,0
23368,0
44687,0
5422,0
12756,0
41905,0
34751,0
25427,0
26470,0
26790,0
17116,0
20830,0
29127,0
3657,0
22612,0
2067,0
29872,0
39243,0
6424,0
789,0
6421,0
9096,0
20199,0
15993,0
447,0
33832,0
23408,0
36685,0
7564,0
8079,0
26489,0
22500,0
40862,0
37118,0
1827,0
27170,0
42484,0
41331,0
8837,0
44917,0
31510,0
24006,0
42797,0
2550,0
37573,0
40969,0
15693,0
18195,0
41427,0
28205,0
6583,0
10106,0
8967,0
29733,0
22904,0
4176,0
22170,0
44189,0
1199,0
35693,0
21333,0
30195,0
8429,0
21682,0
16644,0
36349,0
28953,0
19616,0
20194,0
36934,0
30669,0
33063,0
44959,0
23572,0
9441,0
24688,0
2297,0
6727,0
3524,0
20018,0
11634,0
36663,0
28842,0
31959,0
26602,0
42420,0
39498,0
16936,0
39309,0
12881,0
31904,0
17396,0
34986,0
40584,0
44563,0
23818,0
7573,0
43433,0
16954,0
22002,0
38652,0
14798,0
9419,0
42373,0
23079,0
44744,0
33135,0
9089,0
27966,0
9055,0
24660,0
16915,0
35758,0
24936,0
35074,0
23061,0
11227,0
33666,0
43847,0
1164,0
13795,0
2204,0
456,0
21664,0
41666,0
3996,0
31081,0
25761,0
24042,0
4889,0
11718,0
8765,0
25659,0
19759,0
18702,0
3137,0
18256,0
25777,0
14488,0
15113,0
20551,0
8784,0
25981,0
25997,0
21854,0
31771,0
41780,0
1809,0
16805,0
8078,0
26716,0
25815,0
11712,0
30941,0
2524,0
20886,0
33205,0
21054,0
41411,0
28536,0
19950,0
42806,0
25220,0
44358,0
40408,0
16786,0
20214,0
190,0
20928,0
19698,0
19642,0
25944,0
14257,0
21313,0
26838,0
6335,0
33264,0
32026,0
26127,0
41553,0
33382,0
2208,0
1246,0
23446,0
27729,0
18293,0
41969,0
17940,0
14166,0
36085,0
14891,0
39482,0
35196,0
5609,0
29745,0
37324,0
978,0
30164,0
6506,0
1440,0
39266,0
43632,0
1845,0
17185,0
9645,0
12874,0
30471,0
36263,0
20167,0
6951,0
15547,0
1975,0
5987,0
20825,0
37544,0
26662,0
1702,0
32183,0
36619,0
43949,0
24671,0
30430,0
27402,0
42846,0
27749,0
22090,0
22165,0
19670,0
26274,0
15396,0
14632,0
41899,0
4880,0
44975,0
3090,0
23941,0
43264,0
18673,0
40826,0
37113,0
6771,0
17238,0
36613,0
16106,0
43703,0
28736,0
3589,0
28315,0
15339,0
2932,0
2014,0
37559,0
22158,0
24151,0
35917,0
29916,0
26918,0
32149,0
42749,0
44961,0
3850,0
399,0
17392,0
19007,0
44546,0
12588,0
7958,0
38548,0
3443,0
8044,0
20556,0
31587,0
43385,0
8638,0
16648,0
13904,0
41823,0
28194,0
11658,0
26707,0
13965,0
27798,0
23526,0
38151,0
18159,0
19037,0
5354,0
41864,0
39230,0
10367,0
28411,0
18110,0
43252,0
39371,0
16799,0
30097,0
18855,0
36090,0
1108,0
3470,0
41641,0
19349,0
28129,0
6711,0
39534,0
4521,0
21569,0
44710,0
26763,0
12243,0
9693,0
13943,0
37263,0
19532,0
44577,0
14390,0
14676,0
35786,0
25749,0
25290,0
30301,0
23384,0
958,0
29494,0
22171,0
29184,0
28979,0
39197,0
2969,0
9138,0
33365,0
28847,0
39010,0
25627,0
10634,0
42297,0
13454,0
5543,0
16288,0
1883,0
40970,0
40963,0
27289,0
5862,0
13121,0
29993,0
24998,0
13788,0
16573,0
28121,0
20309,0
8321,0
36924,0
13332,0
20665,0
5918,0
30913,0
43604,0
34432,0
15567,0
18848,0
11051,0
24575,0
28337,0
13800,0
19726,0
34192,0
42010,0
42149,0
32771,0
134,0
23608,0
24094,0
5580,0
12793,0
11013,0
7465,0
6039,0
22876,0
43971,0
28438,0
34162,0
37532,0
8051,0
12968,0
2447,0
37522,0
4924,0
13234,0
9615,0
12895,0
42829,0
1284,0
14381,0
22867,0
36389,0
20588,0
17519,0
15624,0
37325,0
40732,0
7440,0
21164,0
11044,0
28308,0
9028,0
18822,0
26482,0
3979,0
14489,0
31204,0
24716,0
6586,0
41536,0
22120,0
43081,0
15095,0
40901,0
14557,0
7520,0
23756,0
37816,0
22209,0
36810,0
15087,0
38528,0
29867,0
36413,0
37855,0
36709,0
4217,0
23476,0
6639,0
11988,0
30532,0
6820,0
19878,0
4825,0
34978,0
6251,0
34960,0
38331,0
39416,0
38874,0
31733,0
18846,0
40226,0
35272,0
15310,0
44790,0
44427,0
1062,0
25700,0
42881,0
29476,0
30499,0
38430,0
6648,0
18532,0
30112,0
3931,0
25053,0
6274,0
19672,0
7874,0
27033,0
15107,0
30320,0
20394,0
25259,0
31736,0
41272,0
29550,0
39393,0
38946,0
25172,0
5859,0
25709,0
13614,0
29927,0
18251,0
2324,0
11114,0
39588,0
16103,0
34237,0
12398,0
13115,0
40171,0
34347,0
16669,0
16515,0
6524,0
44476,0
40417,0
38139,0
24527,0
44570,0
24991,0
32867,0
15231,0
44414,0
15034,0
1089,0
16613,0
39844,0
39363,0
35115,0
8301,0
21174,0
29803,0
41401,0
40495,0
24209,0
36644,0
7715,0
22275,0
3186,0
15352,0
23978,0
4054,0
22621,0
18171,0
16358,0
2732,0
31191,0
39019,0
7015,0
33686,0
537,0
40420,0
10260,0
3032,0
8971,0
29703,0
9335,0
10366,0
14121,0
13390,0
11630,0
36421,0
23420,0
627,0
21683,0
16084,0
37463,0
41507,0
11470,0
25426,0
18084,0
3457,0
42677,0
29316,0
22597,0
32463,0
10646,0
346,0
27945,0
18605,0
32213,0
38559,0
25924,0
984,0
26970,0
7857,0
33859,0
3734,0
29978,0
26869,0
44779,0
17683,0
36567,0
28857,0
24079,0
22441,0
32639,0
9194,0
32596,0
26931,0
7980,0
24636,0
18689,0
15226,0
1183,0
15995,0
43204,0
26954,0
34037,0
40025,0
7410,0
31850,0
29122,0
14879,0
42054,0
38764,0
44757,0
7208,0
10003,0
18820,0
33780,0
33269,0
27165,0
7220,0
44222,0
44804,0
34832,0
19047,0
28636,0
16246,0
5356,0
38989,0
37624,0
30089,0
10442,0
42170,0
24845,0
9223,0
24932,0
30022,0
4072,0
18463,0
273,0
24937,0
30370,0
378,0
19113,0
30348,0
6214,0
5459,0
8884,0
9241,0
42572,0
34843,0
21727,0
24756,0
38889,0
30696,0
26019,0
24394,0
38155,0
17927,0
9781,0
3631,0
42848,0
11280,0
12083,0
13972,0
16618,0
29624,0
1718,0
30689,0
17820,0
2472,0
26089,0
5784,0
22603,0
17819,0
9541,0
2895,0
23849,0
324,0
5515,0
28139,0
11407,0
31237,0
19944,0
16128,0
5911,0
6437,0
27845,0
30789,0
27452,0
24588,0
17108,0
451,0
2193,0
17706,0
38684,0
37587,0
17449,0
38660,0
19420,0
29554,0
42857,0
16355,0
23253,0
42877,0
44413,0
9337,0
39969,0
22483,0
1060,0
35474,0
40322,0
9829,0
37201,0
10589,0
13158,0
12183,0
17040,0
11530,0
12448,0
13696,0
38741,0
36774,0
8880,0
7355,0
15502,0
29348,0
18392,0
25301,0
9045,0
2534,0
19364,0
37656,0
36749,0
16967,0
271,0
32659,0
15348,0
11422,0
38274,0
4663,0
7915,0
883,0
3874,0
32964,0
24053,0
1786,0
44964,0
12280,0
24779,0
37008,0
42764,0
34781,0
27728,0
41222,0
10890,0
37920,0
24553,0
38870,0
21237,0
4714,0
33632,0
34107,0
31458,0
2951,0
40208,0
16466,0
22458,0
16885,0
4327,0
29482,0
11024,0
30761,0
17702,0
18519,0
38887,0
3656,0
3669,0
25914,0
31939,0
3416,0
18257,0
2033,0
13952,0
22319,0
23017,0
25606,0
24558,0
34160,0
31006,0
6178,0
32784,0
7888,0
20589,0
8448,0
8959,0
36318,0
4923,0
15922,0
8847,0
27412,0
20898,0
34837,0
4723,0
16818,0
26749,0
13849,0
1528,0
4787,0
31758,0
10477,0
41428,0
7754,0
38859,0
18611,0
17138,0
35851,0
8524,0
455,0
8938,0
19013,0
10101,0
3411,0
31062,0
29832,0
19030,0
5199,0
12490,0
2232,0
26439,0
42699,0
1699,0
24153,0
42973,0
32701,0
9546,0
11333,0
32232,0
23262,0
337,0
44813,0
32849,0
31761,0
21701,0
41372,0
395,0
258,0
38986,0
36773,0
2965,0
44925,0
22834,0
4423,0
2537,0
42163,0
552,0
38857,0
34161,0
42811,0
24548,0
576,0
40605,0
8177,0
23173,0
18191,0
36185,0
15200,0
3404,0
9730,0
7621,0
33509,0
30937,0
3737,0
9389,0
37953,0
34654,0
32479,0
42487,0
42124,0
21714,0
6985,0
40864,0
2128,0
19439,0
43828,0
27049,0
41840,0
1430,0
9802,0
11639,0
36740,0
39500,0
29683,0
4709,0
40077,0
43463,0
38510,0
3136,0
43594,0
26277,0
30274,0
25477,0
38788,0
29288,0
37108,0
37693,0
2703,0
8454,0
16778,0
31009,0
8569,0
16514,0
8455,0
9439,0
3716,0
26752,0
40412,0
38544,0
19807,0
6650,0
40489,0
28584,0
32843,0
17690,0
12216,0
22230,0
3279,0
7369,0
44778,0
10279,0
11097,0
42947,0
32100,0
22446,0
30815,0
6500,0
17481,0
3144,0
20856,0
13461,0
3460,0
2538,0
4204,0
39957,0
15656,0
16296,0
25555,0
39410,0
29003,0
35007,0
16167,0
9822,0
9995,0
42834,0
34714,0
8359,0
14357,0
38765,0
16273,0
13243,0
5823,0
21148,0
36378,0
26565,0
20706,0
9968,0
42301,0
35421,0
9487,0
5304,0
23935,0
11556,0
18779,0
34599,0
42643,0
22793,0
19230,0
22960,0
4756,0
439,0
10902,0
10789,0
36611,0
28429,0
26569,0
460,0
44376,0
9407,0
35057,0
120,0
15859,0
35752,0
2148,0
34337,0
39671,0
24768,0
41992,0
10333,0
16583,0
11891,0
38382,0
38084,0
6111,0
2310,0
35856,0
36892,0
6333,0
17967,0
15195,0
20304,0
14769,0
15987,0
41449,0
31482,0
9414,0
21134,0
36042,0
40565,0
38792,0
12652,0
19197,0
14667,0
29222,0
18073,0
33398,0
36863,0
19002,0
15500,0
17534,0
39711,0
2283,0
18584,0
42899,0
20393,0
40596,0
39526,0
7577,0
16175,0
31720,0
34991,0
31001,0
36170,0
10776,0
30465,0
26023,0
26491,0
23395,0
5930,0
5928,0
26442,0
41863,0
10206,0
9954,0
39335,0
6188,0
37240,0
6885,0
7419,0
23027,0
43112,0
43364,0
7014,0
41313,0
1446,0
24702,0
15882,0
21754,0
45000,0
11600,0
13854,0
40889,0
18111,0
36453,0
29132,0
32920,0
16559,0
7939,0
16219,0
17135,0
6872,0
34802,0
26984,0
10962,0
17318,0
30535,0
30609,0
30835,0
32816,0
22527,0
14314,0
31105,0
37303,0
13701,0
11793,0
4667,0
42776,0
4107,0
19505,0
9256,0
23183,0
33479,0
25081,0
11460,0
350,0
13613,0
14690,0
7636,0
38037,0
6417,0
166,0
9120,0
16393,0
38,0
10558,0
5469,0
3207,0
28338,0
10918,0
10254,0
15759,0
34842,0
8699,0
22134,0
22664,0
36728,0
30095,0
6803,0
9005,0
21498,0
20104,0
14409,0
42903,0
18573,0
14494,0
6882,0
30373,0
38081,0
4645,0
40060,0
6760,0
27127,0
3641,0
7711,0
2894,0
5817,0
16446,0
23575,0
35795,0
31628,0
20663,0
5659,0
13471,0
20201,0
29028,0
7699,0
33144,0
12139,0
16696,0
21494,0
31662,0
42873,0
29585,0
42638,0
21987,0
35387,0
18347,0
28241,0
1952,0
30180,0
26225,0
7009,0
31267,0
43926,0
17399,0
34016,0
39402,0
42425,0
39223,0
24066,0
24188,0
33033,0
41807,0
9531,0
33320,0
23414,0
2800,0
20449,0
31093,0
3067,0
42578,0
10158,0
20891,0
1802,0
2462,0
14047,0
13324,0
34356,0
12460,0
16724,0
29067,0
43341,0
33923,0
33379,0
39739,0
11125,0
103,0
38947,0
21044,0
31386,0
3848,0
26447,0
27304,0
13479,0
29875,0
1185,0
35819,0
13427,0
6301,0
17268,0
28258,0
682,0
36449,0
7600,0
8348,0
11054,0
15197,0
6924,0
13396,0
2552,0
40268,0
23104,0
12148,0
22613,0
42671,0
14283,0
30181,0
44772,0
14251,0
41901,0
34371,0
18845,0
2153,0
18983,0
26467,0
1645,0
38812,0
18896,0
38919,0
15660,0
19003,0
10542,0
11871,0
43943,0
23377,0
37644,0
11324,0
27121,0
10836,0
18880,0
33891,0
1533,0
25972,0
25644,0
30217,0
22181,0
22789,0
34632,0
37238,0
4862,0
21781,0
41227,0
21354,0
1924,0
7678,0
16208,0
21940,0
41846,0
31871,0
9295,0
23618,0
39714,0
6088,0
34634,0
43553,0
27937,0
14700,0
3710,0
31763,0
20963,0
21887,0
19334,0
39644,0
32821,0
25660,0
32935,0
17561,0
28560,0
28642,0
17664,0
165,0
26102,0
21547,0
21093,0
565,0
22053,0
44375,0
35049,0
8259,0
11082,0
22864,0
10929,0
24274,0
40199,0
30708,0
6812,0
6689,0
4598,0
17521,0
6658,0
38995,0
32036,0
19053,0
42336,0
9982,0
21884,0
10045,0
38419,0
26557,0
23667,0
33962,0
34678,0
3386,0
36410,0
5998,0
38198,0
18674,0
36049,0
3610,0
17780,0
27918,0
31814,0
17885,0
20919,0
15945,0
43217,0
9871,0
38313,0
28276,0
39925,0
20587,0
17487,0
4871,0
32875,0
23326,0
41408,0
33802,0
33814,0
33281,0
36657,0
15914,0
29653,0
11855,0
22591,0
1193,0
30875,0
38295,0
38088,0
13191,0
24090,0
32960,0
44205,0
27978,0
6912,0
33515,0
31851,0
32658,0
34951,0
39765,0
18037,0
23481,0
4011,0
28680,0
22705,0
29383,0
20396,0
34873,0
44994,0
18801,0
27946,0
44819,0
16177,0
2101,0
27233,0
18179,0
14864,0
16736,0
21674,0
28740,0
20438,0
40433,0
3051,0
16505,0
21336,0
24275,0
44333,0
25776,0
7703,0
18748,0
5319,0
16403,0
19276,0
4003,0
3442,0
18339,0
18106,0
23995,0
14154,0
36535,0
20250,0
27442,0
19130,0
30219,0
43208,0
449,0
11500,0
44524,0
14509,0
21229,0
1281,0
16571,0
12786,0
19173,0
36725,0
25587,0
17019,0
25481,0
11829,0
4070,0
43603,0
36184,0
31415,0
32358,0
21531,0
23777,0
38707,0
43670,0
24981,0
20766,0
23468,0
25355,0
10483,0
42731,0
9035,0
14474,0
39888,0
3103,0
36905,0
16388,0
26151,0
33526,0
5613,0
5947,0
11824,0
38980,0
6338,0
3554,0
2229,0
16188,0
5423,0
4267,0
26011,0
22421,0
39282,0
835,0
7257,0
24455,0
34236,0
43511,0
21666,0
27716,0
41124,0
18471,0
27183,0
23537,0
23192,0
43667,0
5298,0
10218,0
8926,0
5179,0
20610,0
5077,0
30977,0
1638,0
10423,0
30289,0
12554,0
32162,0
39858,0
43057,0
26037,0
24918,0
17618,0
21303,0
13242,0
39168,0
140,0
21639,0
28798,0
21662,0
30682,0
12951,0
8858,0
10209,0
5893,0
1451,0
25514,0
30711,0
27740,0
1613,0
34,0
9459,0
37405,0
13884,0
9627,0
38205,0
2755,0
21417,0
38580,0
34821,0
7657,0
9048,0
25097,0
14551,0
2165,0
13578,0
5678,0
44397,0
38755,0
25311,0
9755,0
3163,0
40391,0
2339,0
39866,0
43748,0
6010,0
35261,0
2450,0
35711,0
17644,0
3210,0
28733,0
21262,0
22269,0
37443,0
17048,0
29309,0
33310,0
34608,0
6903,0
23779,0
18858,0
29479,0
39817,0
24519,0
5067,0
14018,0
35314,0
3023,0
20566,0
12559,0
44439,0
32749,0
36858,0
1863,0
39110,0
35153,0
24216,0
6253,0
1899,0
40909,0
23996,0
182,0
20271,0
43525,0
8015,0
33211,0
6780,0
42690,0
21362,0
11262,0
25783,0
8772,0
16993,0
3896,0
948,0
11734,0
34362,0
17321,0
30369,0
27645,0
2564,0
29066,0
38146,0
31425,0
11163,0
16910,0
19750,0
23994,0
6728,0
34394,0
38685,0
14723,0
32728,0
28755,0
12824,0
39748,0
12803,0
2573,0
14898,0
17685,0
40166,0
18352,0
44671,0
33587,0
28176,0
2834,0
1692,0
24709,0
32277,0
43004,0
29379,0
40296,0
12034,0
23576,0
10432,0
7712,0
9602,0
4741,0
39983,0
19596,0
39585,0
5601,0
8733,0
30491,0
41234,0
23022,0
9340,0
24131,0
43404,0
10954,0
35419,0
15467,0
36738,0
40654,0
14176,0
44465,0
32627,0
18796,0
33464,0
42076,0
8059,0
36029,0
21081,0
13317,0
16377,0
4615,0
25866,0
27602,0
30478,0
44957,0
10200,0
2567,0
21083,0
43309,0
30049,0
16151,0
24482,0
32486,0
14689,0
7890,0
28206,0
4245,0
6433,0
14279,0
18320,0
41718,0
36798,0
16379,0
30231,0
25969,0
38263,0
20375,0
123,0
25705,0
27746,0
4081,0
11401,0
12086,0
4839,0
35179,0
4149,0
22472,0
21374,0
6303,0
23206,0
15011,0
2728,0
24072,0
21744,0
44923,0
5030,0
32361,0
16794,0
2308,0
42702,0
10554,0
34969,0
16566,0
33843,0
15219,0
5630,0
4373,0
16741,0
43711,0
8002,0
23378,0
36322,0
18075,0
19757,0
39202,0
44913,0
15448,0
17209,0
31183,0
9469,0
13708,0
20221,0
28093,0
5428,0
595,0
44518,0
392,0
18439,0
27556,0
37030,0
1101,0
8613,0
30679,0
714,0
25954,0
8886,0
2389,0
13789,0
28852,0
11535,0
9113,0
2255,0
44213,0
19252,0
1852,0
28987,0
18921,0
35379,0
5410,0
585,0
43428,0
35521,0
15300,0
7805,0
1113,0
16236,0
7624,0
9537,0
31201,0
20443,0
34758,0
14956,0
19589,0
27436,0
10376,0
34673,0
26564,0
34514,0
25578,0
39820,0
9936,0
4331,0
30259,0
13205,0
4899,0
9837,0
5547,0
42637,0
4362,0
34306,0
19404,0
25376,0
4467,0
30903,0
12103,0
31391,0
41036,0
25533,0
36440,0
41194,0
42949,0
2054,0
10975,0
14857,0
31295,0
34071,0
1240,0
42656,0
8339,0
13161,0
40507,0
27220,0
23770,0
16109,0
33854,0
11438,0
5327,0
41486,0
32752,0
35754,0
43292,0
8438,0
28510,0
14383,0
27917,0
32000,0
17059,0
40765,0
5490,0
39910,0
22119,0
31661,0
17551,0
5074,0
40269,0
28626,0
6927,0
24241,0
1599,0
33794,0
32388,0
3238,0
13778,0
33640,0
20060,0
32828,0
25264,0
20543,0
17955,0
4425,0
9081,0
22648,0
5107,0
18838,0
33096,0
7463,0
9757,0
20929,0
16118,0
35782,0
24579,0
30658,0
13838,0
34899,0
9435,0
41979,0
3573,0
429,0
25054,0
18452,0
31490,0
4525,0
43730,0
44800,0
9333,0
28547,0
44634,0
36690,0
40704,0
11840,0
22595,0
32290,0
37214,0
34063,0
28982,0
39926,0
37893,0
12189,0
43448,0
33763,0
39116,0
14003,0
4856,0
26160,0
37021,0
40803,0
43945,0
19884,0
42602,0
35543,0
4292,0
25089,0
20748,0
16814,0
17805,0
22217,0
34395,0
9015,0
219,0
14272,0
23671,0
707,0
38211,0
28699,0
16059,0
14405,0
2669,0
13410,0
7393,0
37983,0
3225,0
5332,0
17275,0
34878,0
19730,0
34974,0
41290,0
23742,0
5287,0
26608,0
19898,0
15489,0
7866,0
20417,0
20166,0
11945,0
12518,0
5718,0
2680,0
10397,0
29552,0
438,0
11522,0
22521,0
12164,0
29505,0
7249,0
25208,0
40597,0
2768,0
22257,0
32561,0
41566,0
2787,0
24864,0
7626,0
14575,0
41302,0
19871,0
1407,0
34185,0
27356,0
5115,0
40985,0
39341,0
13907,0
18588,0
9814,0
24506,0
28013,0
29880,0
20647,0
8506,0
41764,0
35996,0
37309,0
44946,0
28681,0
43774,0
39795,0
34190,0
7642,0
7185,0
7603,0
23449,0
21820,0
11109,0
3263,0
9057,0
17336,0
8472,0
17456,0
8175,0
25726,0
23349,0
4182,0
34350,0
35947,0
3028,0
39902,0
7807,0
24473,0
10118,0
25101,0
34860,0
24714,0
27222,0
40926,0
4415,0
33833,0
24570,0
30394,0
28405,0
27190,0
28367,0
35493,0
16332,0
27012,0
37735,0
27408,0
42435,0
22260,0
16299,0
27651,0
20263,0
29838,0
17380,0
20769,0
44210,0
37557,0
15022,0
5363,0
4282,0
20071,0
23160,0
37726,0
42264,0
34881,0
22190,0
39127,0
33438,0
9007,0
27850,0
26988,0
19246,0
19800,0
31192,0
42240,0
13487,0
7583,0
30175,0
43368,0
27479,0
22729,0
8309,0
36336,0
36625,0
35284,0
1439,0
10838,0
11442,0
17173,0
21013,0
34055,0
10557,0
18103,0
4513,0
10849,0
684,0
26241,0
285,0
16882,0
11157,0
29437,0
4474,0
38035,0
29920,0
29213,0
36331,0
3239,0
39480,0
23771,0
27812,0
37253,0
1345,0
5316,0
32060,0
23800,0
5555,0
35505,0
42470,0
6984,0
14748,0
17049,0
16797,0
19933,0
20272,0
35436,0
29816,0
35157,0
42094,0
17717,0
26734,0
18706,0
34656,0
6690,0
30202,0
33915,0
12897,0
36025,0
38106,0
11839,0
37096,0
24601,0
14001,0
40858,0
22354,0
22570,0
35173,0
28178,0
32661,0
44100,0
521,0
7566,0
22859,0
27628,0
23513,0
13739,0
44419,0
12532,0
30237,0
427,0
5421,0
16848,0
25,0
3902,0
30928,0
27172,0
40626,0
34733,0
43825,0
4384,0
12679,0
26810,0
20751,0
30302,0
44139,0
38039,0
15991,0
25221,0
34662,0
20603,0
29049,0
19522,0
14795,0
14406,0
41123,0
44377,0
14678,0
3503,0
28937,0
35116,0
34867,0
41459,0
39670,0
22828,0
43869,0
5558,0
31475,0
5141,0
6293,0
30405,0
23142,0
1882,0
36036,0
31332,0
30925,0
9889,0
5749,0
20887,0
22585,0
19682,0
33072,0
8255,0
9323,0
33075,0
24166,0
13767,0
33367,0
2139,0
44473,0
11118,0
30587,0
29891,0
19518,0
12042,0
43585,0
26803,0
23370,0
8774,0
23354,0
32197,0
41579,0
2582,0
29241,0
32743,0
14393,0
14875,0
12544,0
38133,0
8584,0
39368,0
16438,0
34008,0
30458,0
18815,0
543,0
24988,0
3904,0
29036,0
27786,0
21789,0
41079,0
37390,0
13026,0
20793,0
17493,0
35660,0
7986,0
32484,0
5180,0
44418,0
5704,0
29118,0
21103,0
13691,0
42801,0
39955,0
16902,0
16629,0
27056,0
38794,0
18734,0
6594,0
34339,0
36033,0
32482,0
26566,0
18470,0
19689,0
687,0
26823,0
30890,0
7534,0
6396,0
10096,0
1691,0
44797,0
24380,0
44028,0
18614,0
8174,0
5154,0
31880,0
30107,0
44313,0
893,0
37315,0
37950,0
23087,0
16137,0
37297,0
24355,0
40406,0
8786,0
2237,0
11731,0
11459,0
20303,0
24607,0
39758,0
38979,0
5663,0
24445,0
41231,0
30241,0
42188,0
30340,0
5165,0
30157,0
30330,0
40936,0
31986,0
2886,0
14175,0
25339,0
6582,0
14797,0
43241,0
34919,0
27920,0
27533,0
40865,0
8386,0
5600,0
24119,0
50,0
37070,0
2405,0
44842,0
8344,0
38394,0
26573,0
16119,0
8675,0
44078,0
28112,0
38611,0
13464,0
37084,0
35734,0
21516,0
12988,0
32161,0
27915,0
24854,0
21592,0
33723,0
31416,0
37194,0
31188,0
24669,0
13392,0
31189,0
42736,0
8795,0
33660,0
19495,0
33124,0
741,0
7417,0
40898,0
34497,0
8949,0
36459,0
11796,0
29597,0
2001,0
41239,0
24189,0
1213,0
32075,0
18851,0
32662,0
7029,0
12301,0
6302,0
40533,0
22207,0
13444,0
37553,0
41365,0
16688,0
7656,0
32610,0
12956,0
26861,0
27568,0
26404,0
5569,0
15755,0
1400,0
18189,0
36675,0
3637,0
22764,0
35639,0
10446,0
13817,0
5559,0
21775,0
36101,0
41834,0
11499,0
29810,0
18769,0
17786,0
4761,0
40460,0
16615,0
37131,0
22841,0
375,0
1432,0
29498,0
6733,0
7274,0
961,0
25284,0
40816,0
7983,0
44126,0
32080,0
18502,0
7329,0
7531,0
349,0
7363,0
23832,0
9709,0
1909,0
39046,0
981,0
23711,0
37990,0
30173,0
14252,0
32523,0
1608,0
37469,0
3293,0
5112,0
40446,0
14392,0
36868,0
41192,0
23120,0
32665,0
35061,0
21094,0
33001,0
42773,0
8674,0
27144,0
32968,0
19644,0
42455,0
14577,0
12993,0
40084,0
22033,0
34649,0
14799,0
31963,0
17005,0
31335,0
40681,0
26468,0
796,0
42023,0
5568,0
40599,0
11297,0
16730,0
14025,0
12589,0
2075,0
29115,0
24220,0
20084,0
17378,0
27288,0
37806,0
7875,0
30203,0
14932,0
1616,0
40354,0
10277,0
21150,0
35796,0
27707,0
23543,0
15151,0
15749,0
13499,0
37997,0
15609,0
10604,0
20544,0
20836,0
23762,0
32517,0
22525,0
36497,0
12432,0
8085,0
21968,0
27428,0
7246,0
936,0
30008,0
2311,0
10378,0
35803,0
29749,0
13122,0
27630,0
20515,0
42503,0
12483,0
19909,0
44031,0
3483,0
14203,0
21853,0
42987,0
43767,0
33532,0
14200,0
8378,0
38347,0
30409,0
42555,0
28927,0
28719,0
44645,0
29329,0
26681,0
33985,0
34573,0
31440,0
26161,0
31617,0
5879,0
9235,0
17931,0
3075,0
17611,0
24970,0
10620,0
14418,0
26358,0
12837,0
10759,0
13772,0
41560,0
21510,0
3084,0
32840,0
35781,0
42730,0
8681,0
9312,0
9022,0
10988,0
21991,0
4317,0
32607,0
37571,0
2325,0
351,0
22099,0
17390,0
13101,0
37189,0
2326,0
26360,0
31586,0
16803,0
8180,0
27590,0
27005,0
13913,0
4613,0
26597,0
10611,0
34322,0
14291,0
20656,0
38412,0
532,0
9572,0
43831,0
9171,0
40841,0
33160,0
12847,0
30782,0
647,0
29874,0
29568,0
34415,0
37533,0
11593,0
1554,0
17789,0
21102,0
8534,0
4194,0
23718,0
43140,0
21450,0
24869,0
32543,0
43033,0
44371,0
19100,0
32078,0
37151,0
21183,0
5306,0
13834,0
17560,0
27063,0
21499,0
8988,0
3244,0
9308,0
32518,0
11038,0
10303,0
37052,0
22902,0
17592,0
24330,0
2147,0
9188,0
13899,0
29420,0
44477,0
32442,0
38710,0
19932,0
28290,0
42217,0
38440,0
1981,0
40430,0
28049,0
26923,0
8516,0
12107,0
22616,0
12728,0
43797,0
2562,0
19462,0
12989,0
44492,0
32597,0
1249,0
19143,0
18970,0
4039,0
41971,0
14010,0
6590,0
41916,0
33040,0
20178,0
32342,0
17120,0
5368,0
32001,0
4407,0
35680,0
33456,0
38939,0
10679,0
35390,0
852,0
15027,0
5828,0
36275,0
11331,0
44098,0
12815,0
22952,0
3565,0
12156,0
3318,0
18551,0
40900,0
24874,0
41668,0
31317,0
32792,0
9321,0
30792,0
20226,0
17859,0
25236,0
32791,0
31264,0
22954,0
22228,0
34875,0
36315,0
42962,0
37558,0
1684,0
1146,0
28806,0
35487,0
2432,0
29079,0
42760,0
2261,0
25401,0
40548,0
35744,0
44566,0
19888,0
2759,0
15969,0
3135,0
5113,0
31694,0
42308,0
2659,0
22469,0
29546,0
14082,0
4036,0
15156,0
18351,0
38961,0
11491,0
3113,0
8302,0
24883,0
3388,0
4840,0
25892,0
34625,0
44667,0
40115,0
760,0
1998,0
14368,0
27658,0
16166,0
9592,0
35418,0
11291,0
944,0
3024,0
25496,0
4289,0
26542,0
2666,0
6353,0
33146,0
33324,0
38197,0
15554,0
29044,0
24192,0
37512,0
42810,0
32040,0
6079,0
7762,0
25243,0
34375,0
26308,0
38627,0
8467,0
13523,0
39005,0
42189,0
1623,0
24168,0
23284,0
74,0
17750,0
44343,0
19065,0
20095,0
2144,0
30076,0
10687,0
21787,0
24327,0
16387,0
2776,0
38814,0
11926,0
16105,0
39650,0
1493,0
26031,0
2690,0
18485,0
6132,0
30088,0
19127,0
42994,0
17943,0
25782,0
36666,0
28646,0
14628,0
38776,0
2365,0
8529,0
31342,0
10424,0
1959,0
38817,0
35238,0
6809,0
19225,0
998,0
23550,0
38300,0
10201,0
16599,0
6602,0
35288,0
23653,0
44653,0
31784,0
19239,0
10874,0
621,0
41577,0
34186,0
31151,0
25734,0
4940,0
27848,0
5426,0
14764,0
27112,0
13887,0
43619,0
21937,0
11361,0
22057,0
6373,0
33755,0
37136,0
2344,0
31057,0
21485,0
26533,0
28672,0
33418,0
36933,0
33737,0
36655,0
34486,0
26408,0
32592,0
8897,0
27964,0
6493,0
44130,0
20323,0
41703,0
44537,0
36408,0
30131,0
22901,0
38589,0
25410,0
25832,0
34917,0
34641,0
8783,0
39940,0
12984,0
39059,0
44922,0
11486,0
19641,0
23654,0
24743,0
43651,0
18070,0
3526,0
31627,0
32251,0
13128,0
16050,0
1795,0
25085,0
17225,0
1059,0
9350,0
4410,0
24957,0
17315,0
14315,0
676,0
39633,0
40677,0
40363,0
27508,0
41938,0
14822,0
6177,0
18490,0
23883,0
17181,0
33272,0
38219,0
8808,0
9483,0
33029,0
15130,0
1349,0
13482,0
24467,0
8274,0
17800,0
32073,0
10433,0
43924,0
26204,0
26231,0
3777,0
1626,0
6377,0
658,0
34898,0
25722,0
41626,0
22882,0
2616,0
14938,0
5940,0
31284,0
25249,0
17649,0
31568,0
11085,0
22698,0
10298,0
14841,0
6713,0
41562,0
3954,0
14331,0
16641,0
13818,0
43620,0
20007,0
41218,0
18050,0
26836,0
29958,0
28252,0
4357,0
19116,0
6059,0
39328,0
39103,0
41986,0
39310,0
15637,0
37740,0
43771,0
33126,0
26915,0
3360,0
25448,0
11153,0
26757,0
37404,0
39528,0
34360,0
14085,0
15450,0
29713,0
22440,0
20206,0
29612,0
27659,0
35163,0
39391,0
23319,0
37709,0
1317,0
25833,0
22993,0
29081,0
20835,0
11321,0
16408,0
4727,0
35507,0
8807,0
41608,0
43688,0
18403,0
1821,0
28880,0
38152,0
34555,0
7601,0
7313,0
3903,0
12032,0
17984,0
5193,0
678,0
25622,0
11569,0
32489,0
30451,0
33151,0
5133,0
9989,0
15586,0
14414,0
17861,0
18150,0
3305,0
34538,0
32571,0
38325,0
17732,0
40325,0
19281,0
26905,0
44860,0
25328,0
29645,0
24770,0
23558,0
44952,0
1257,0
35127,0
21045,0
6624,0
28578,0
44951,0
4109,0
32570,0
35131,0
37568,0
16427,0
25878,0
7925,0
40529,0
36915,0
27742,0
4592,0
26280,0
22279,0
41605,0
19264,0
32901,0
17575,0
26553,0
19295,0
4026,0
8541,0
2681,0
41520,0
7458,0
748,0
6606,0
41981,0
7415,0
14884,0
23207,0
29321,0
18656,0
30415,0
23948,0
19021,0
18359,0
27382,0
34146,0
36327,0
16985,0
19922,0
30190,0
21117,0
24069,0
3598,0
2336,0
10300,0
21231,0
1556,0
29237,0
8082,0
28769,0
14790,0
43055,0
39260,0
22948,0
28160,0
18644,0
33286,0
32441,0
4099,0
21228,0
12286,0
20296,0
8669,0
27503,0
5007,0
10501,0
30099,0
5819,0
24247,0
43846,0
28446,0
142,0
26487,0
43212,0
11635,0
5254,0
12484,0
16267,0
3260,0
32052,0
32145,0
17381,0
3749,0
39755,0
28952,0
5321,0
38606,0
16624,0
25320,0
27043,0
42115,0
40683,0
42547,0
35904,0
16554,0
37835,0
13962,0
14840,0
41094,0
4160,0
5064,0
20381,0
15111,0
12077,0
33759,0
34020,0
16732,0
14899,0
24943,0
39431,0
31359,0
36843,0
38964,0
22845,0
28036,0
17666,0
18503,0
21367,0
5797,0
34066,0
9775,0
11036,0
13938,0
32107,0
39209,0
18819,0
31936,0
6463,0
41247,0
40030,0
37400,0
28456,0
37124,0
26191,0
28562,0
14855,0
16998,0
24076,0
17203,0
37760,0
10989,0
8519,0
18020,0
13335,0
15157,0
19980,0
7261,0
3754,0
31194,0
43753,0
25218,0
24290,0
15840,0
11730,0
25465,0
34993,0
44132,0
39206,0
25861,0
11282,0
18760,0
37538,0
25973,0
15504,0
16451,0
27160,0
30651,0
37374,0
32683,0
17741,0
2404,0
13068,0
11458,0
35069,0
22894,0
44780,0
42214,0
39893,0
10655,0
23826,0
12885,0
16672,0
6474,0
38930,0
42197,0
15007,0
36445,0
17476,0
3893,0
35437,0
22093,0
27181,0
7763,0
21332,0
30424,0
35802,0
8724,0
24454,0
7569,0
16475,0
22476,0
35099,0
42676,0
32272,0
25708,0
8576,0
19190,0
2202,0
27793,0
30655,0
34707,0
39446,0
21930,0
16870,0
36368,0
27677,0
37498,0
18440,0
34212,0
23862,0
2828,0
14375,0
24778,0
33774,0
35289,0
20984,0
36965,0
2481,0
9196,0
11498,0
4726,0
39456,0
19899,0
11678,0
35051,0
42471,0
7344,0
24504,0
31108,0
28072,0
25241,0
12862,0
36422,0
12256,0
28610,0
18247,0
13828,0
29346,0
32195,0
44366,0
44726,0
23987,0
37377,0
32720,0
28816,0
36632,0
37517,0
30536,0
39744,0
39181,0
30639,0
41052,0
39468,0
13563,0
17635,0
8508,0
1401,0
14319,0
15688,0
36186,0
341,0
1784,0
3888,0
36434,0
3281,0
20915,0
41614,0
11473,0
33295,0
26834,0
13978,0
34179,0
41147,0
39021,0
5119,0
9480,0
16867,0
12225,0
28786,0
18368,0
44656,0
5404,0
30752,0
32921,0
27802,0
34619,0
25604,0
31775,0
43839,0
32233,0
10364,0
11711,0
44234,0
22078,0
7234,0
37982,0
16448,0
744,0
5238,0
13139,0
32256,0
40859,0
15931,0
29455,0
41223,0
12433,0
13474,0
30332,0
6048,0
8530,0
359,0
42907,0
35335,0
25675,0
21555,0
8187,0
28844,0
44689,0
43084,0
6975,0
19972,0
15986,0
4691,0
26190,0
28447,0
31172,0
31605,0
26126,0
24260,0
18376,0
25115,0
18285,0
22183,0
25919,0
20993,0
43177,0
17370,0
1713,0
35303,0
17768,0
13020,0
14552,0
14360,0
41405,0
37939,0
6694,0
27420,0
7533,0
19787,0
1867,0
4163,0
36654,0
23496,0
43299,0
2003,0
30246,0
33054,0
18850,0
15675,0
5233,0
30494,0
19923,0
34627,0
17347,0
30243,0
4015,0
15048,0
7680,0
25857,0
28254,0
43938,0
10660,0
36233,0
25039,0
27135,0
11019,0
40175,0
26882,0
18691,0
11015,0
15492,0
32113,0
41390,0
34301,0
33516,0
8191,0
32567,0
38992,0
14565,0
11141,0
37215,0
1077,0
38040,0
9779,0
40251,0
34191,0
17450,0
32070,0
22118,0
42097,0
4958,0
13435,0
29780,0
12957,0
4248,0
13530,0
1243,0
278,0
9629,0
9789,0
42742,0
21188,0
37814,0
18780,0
36507,0
27173,0
20286,0
42155,0
18842,0
15302,0
25856,0
28518,0
34093,0
43644,0
34825,0
24953,0
34311,0
2827,0
27986,0
1318,0
13615,0
24934,0
371,0
1925,0
24472,0
35247,0
25647,0
6667,0
13742,0
28073,0
13859,0
34613,0
28506,0
5483,0
14699,0
31234,0
39096,0
19561,0
10070,0
30273,0
13942,0
2820,0
28209,0
32634,0
7897,0
27847,0
29342,0
11540,0
23331,0
30820,0
26299,0
36356,0
12486,0
35563,0
5237,0
42208,0
29599,0
35191,0
34805,0
909,0
43392,0
4522,0
12876,0
37764,0
37245,0
34485,0
8193,0
39974,0
37272,0
31008,0
1644,0
32734,0
4674,0
21638,0
15878,0
11740,0
22879,0
18436,0
32818,0
18870,0
23365,0
31452,0
28951,0
6794,0
14739,0
7892,0
14451,0
40497,0
35826,0
35870,0
692,0
7091,0
11487,0
985,0
19893,0
2333,0
44122,0
28435,0
29710,0
10597,0
14029,0
11562,0
27882,0
287,0
12916,0
12843,0
43503,0
30920,0
5973,0
35510,0
4197,0
39636,0
5938,0
43652,0
13709,0
14225,0
42980,0
22041,0
12512,0
458,0
33032,0
19006,0
1519,0
31670,0
16871,0
9694,0
10004,0
7620,0
24460,0
16961,0
29822,0
14680,0
38673,0
12896,0
2790,0
30723,0
21024,0
37267,0
13644,0
14716,0
9273,0
33499,0
12442,0
15497,0
6623,0
19835,0
973,0
29464,0
22061,0
43261,0
4488,0
37849,0
43776,0
34345,0
40685,0
8007,0
13246,0
1682,0
40834,0
24560,0
21918,0
7545,0
11727,0
30647,0
22448,0
4264,0
25936,0
13660,0
21406,0
19125,0
14205,0
33048,0
39665,0
41772,0
8000,0
29041,0
33134,0
26303,0
18023,0
19611,0
29436,0
41586,0
12099,0
18038,0
8593,0
41525,0
13008,0
41224,0
37462,0
32984,0
39409,0
8325,0
44704,0
15918,0
15262,0
41512,0
32898,0
40046,0
22777,0
38016,0
41303,0
37132,0
44470,0
33508,0
30200,0
18558,0
10978,0
23493,0
13719,0
7169,0
224,0
41286,0
24034,0
9813,0
8883,0
37220,0
42794,0
37199,0
2114,0
1082,0
44976,0
20990,0
13336,0
11415,0
16754,0
24372,0
5670,0
23539,0
11224,0
10947,0
30676,0
41228,0
6774,0
30078,0
33584,0
12098,0
43586,0
5265,0
19402,0
12255,0
8894,0
7477,0
7541,0
14227,0
5629,0
20801,0
42472,0
33270,0
5406,0
28127,0
7131,0
14801,0
22632,0
2925,0
37743,0
4581,0
31569,0
38421,0
34412,0
19617,0
21277,0
29211,0
4485,0
39700,0
44615,0
35536,0
30204,0
17982,0
39366,0
18096,0
36237,0
43136,0
10103,0
14217,0
18052,0
8375,0
28686,0
21012,0
1298,0
5496,0
28050,0
7490,0
24762,0
11684,0
27954,0
21579,0
17079,0
30346,0
34921,0
32629,0
20236,0
4213,0
33635,0
38193,0
29584,0
20093,0
34044,0
43559,0
36209,0
22672,0
6838,0
14668,0
5374,0
697,0
15026,0
41069,0
2777,0
43967,0
10920,0
14715,0
4233,0
37616,0
41283,0
19967,0
1908,0
20310,0
7587,0
43997,0
37729,0
3202,0
12155,0
44475,0
34441,0
14359,0
42203,0
42247,0
42761,0
11365,0
36953,0
27914,0
35250,0
40441,0
37456,0
208,0
28070,0
36495,0
42167,0
27684,0
29534,0
5763,0
1280,0
40277,0
29189,0
42506,0
22819,0
33871,0
41490,0
11047,0
28833,0
15634,0
4747,0
17692,0
25219,0
11642,0
4985,0
13543,0
6542,0
39605,0
41379,0
27666,0
6074,0
27597,0
38998,0
41032,0
42323,0
11787,0
35308,0
17098,0
21671,0
32977,0
13559,0
12005,0
32258,0
16869,0
29280,0
24087,0
1546,0
4475,0
27214,0
21932,0
35691,0
21981,0
9658,0
6034,0
31102,0
32767,0
2441,0
27743,0
41470,0
32609,0
26306,0
25988,0
6239,0
34635,0
7434,0
37611,0
28731,0
1767,0
24735,0
38550,0
21588,0
23843,0
10939,0
37907,0
29509,0
4216,0
8404,0
29307,0
1516,0
7713,0
35329,0
21518,0
35843,0
43117,0
32992,0
36274,0
2900,0
980,0
12094,0
13898,0
40314,0
32139,0
39083,0
29763,0
24750,0
27017,0
17937,0
37304,0
22432,0
21700,0
34721,0
16622,0
42182,0
43028,0
36205,0
14893,0
11845,0
28741,0
29424,0
13046,0
26815,0
35281,0
12479,0
13289,0
34226,0
27268,0
26580,0
6379,0
44565,0
37412,0
33315,0
6954,0
7162,0
39105,0
44242,0
38399,0
38952,0
20504,0
2021,0
3282,0
27485,0
43554,0
9357,0
21978,0
9599,0
12584,0
14785,0
11854,0
9375,0
34715,0
29677,0
35110,0
3339,0
17018,0
5205,0
12481,0
1029,0
22493,0
27191,0
41646,0
41850,0
5759,0
9467,0
23106,0
10482,0
9880,0
42384,0
10060,0
23850,0
5518,0
17539,0
15077,0
10134,0
3770,0
35273,0
43720,0
27438,0
4236,0
33609,0
3303,0
6427,0
22490,0
32783,0
25197,0
8952,0
24302,0
37393,0
26312,0
37093,0
12407,0
5976,0
43393,0
1371,0
5395,0
6082,0
13963,0
44296,0
25358,0
12065,0
33722,0
15556,0
25111,0
23101,0
26725,0
3803,0
7529,0
1394,0
24515,0
25752,0
15641,0
44012,0
17968,0
28665,0
15781,0
19875,0
25155,0
12667,0
37247,0
20297,0
39786,0
37690,0
16312,0
15465,0
41853,0
21810,0
11214,0
24375,0
19024,0
38335,0
42027,0
22746,0
43093,0
6235,0
18687,0
26498,0
321,0
22337,0
37384,0
23992,0
31077,0
39726,0
44711,0
36172,0
20932,0
28760,0
44259,0
39569,0
1515,0
5281,0
37556,0
25544,0
5534,0
33758,0
15354,0
27339,0
15371,0
4395,0
26818,0
41386,0
12927,0
22759,0
20454,0
38119,0
14261,0
27639,0
11985,0
38460,0
43873,0
19112,0
21648,0
19763,0
29486,0
20913,0
13819,0
8126,0
17552,0
27350,0
13219,0
14750,0
44886,0
55,0
36399,0
15692,0
29284,0
12208,0
29276,0
42305,0
25917,0
18361,0
12768,0
12377,0
39514,0
4297,0
26591,0
41404,0
42449,0
27426,0
7963,0
14005,0
5475,0
16081,0
23841,0
2995,0
29315,0
22393,0
32708,0
32519,0
23095,0
35808,0
30762,0
16780,0
40090,0
8222,0
8965,0
10026,0
27314,0
44544,0
6184,0
41369,0
27588,0
33100,0
36938,0
6884,0
25375,0
41615,0
21451,0
4340,0
13152,0
20648,0
19235,0
31923,0
25372,0
23782,0
15955,0
41567,0
40255,0
37362,0
19371,0
40586,0
33446,0
11423,0
6750,0
26051,0
27638,0
44016,0
6285,0
8640,0
10970,0
1093,0
43399,0
8228,0
5889,0
36814,0
36376,0
23495,0
23758,0
13933,0
36340,0
44969,0
23023,0
26180,0
19199,0
9675,0
17484,0
22246,0
28744,0
21290,0
21678,0
25623,0
37203,0
2949,0
12782,0
37554,0
22826,0
35867,0
43804,0
1602,0
30476,0
41058,0
20390,0
40429,0
16950,0
4793,0
14692,0
40026,0
30648,0
24738,0
36418,0
33401,0
28404,0
6821,0
13622,0
22161,0
41755,0
36193,0
21326,0
5845,0
14142,0
22414,0
39705,0
2620,0
18078,0
21519,0
5964,0
8110,0
40967,0
10314,0
42049,0
35171,0
43909,0
42349,0
31321,0
22450,0
14597,0
4349,0
29994,0
34545,0
33887,0
36833,0
37495,0
31465,0
23214,0
23356,0
36985,0
23855,0
41409,0
19656,0
34882,0
12335,0
8785,0
36962,0
18175,0
5210,0
858,0
17326,0
17150,0
38921,0
35857,0
30824,0
33645,0
12,0
35385,0
38672,0
16845,0
26397,0
36424,0
24428,0
12440,0
15867,0
5420,0
44992,0
24106,0
37738,0
34533,0
35073,0
39690,0
12325,0
25417,0
7225,0
19438,0
42310,0
6813,0
32988,0
7930,0
33845,0
11789,0
18387,0
5956,0
16369,0
23750,0
23568,0
39180,0
28715,0
241,0
41348,0
42463,0
18733,0
1913,0
24040,0
12507,0
13082,0
34934,0
31899,0
8720,0
32177,0
1978,0
35041,0
39696,0
26098,0
297,0
9770,0
1248,0
20935,0
33396,0
26930,0
28087,0
20719,0
21523,0
19418,0
1200,0
2672,0
7848,0
17353,0
24755,0
42019,0
38675,0
35943,0
35925,0
2891,0
6863,0
20907,0
7551,0
40431,0
8108,0
37927,0
3181,0
2717,0
18034,0
26130,0
13831,0
21455,0
32318,0
20180,0
288,0
22219,0
44825,0
42499,0
5148,0
25694,0
38067,0
28837,0
36834,0
17601,0
25527,0
17269,0
16798,0
10460,0
41064,0
1772,0
42533,0
20771,0
7175,0
947,0
11397,0
43331,0
33136,0
16784,0
43821,0
20091,0
26496,0
32572,0
36832,0
18824,0
22352,0
566,0
30635,0
36429,0
2167,0
6227,0
35722,0
19298,0
1895,0
10114,0
26017,0
44786,0
4269,0
1499,0
39091,0
9440,0
30467,0
11062,0
38918,0
16227,0
28821,0
24185,0
17020,0
15520,0
36183,0
17244,0
42633,0
7405,0
37470,0
35513,0
22955,0
40734,0
12186,0
26541,0
34897,0
27764,0
18513,0
34189,0
18421,0
2180,0
5608,0
6104,0
12551,0
39077,0
33201,0
31614,0
5692,0
26765,0
28603,0
5291,0
34454,0
26129,0
27811,0
32619,0
16370,0
35951,0
15320,0
7589,0
2983,0
34243,0
30193,0
13950,0
8673,0
29248,0
28131,0
31089,0
32090,0
12595,0
41322,0
16374,0
28132,0
25515,0
11954,0
39075,0
28159,0
7949,0
18844,0
34469,0
39897,0
21950,0
36409,0
32464,0
44201,0
19058,0
12697,0
22567,0
13677,0
16812,0
2544,0
29917,0
3665,0
34493,0
32819,0
18408,0
36480,0
16323,0
32656,0
21583,0
38854,0
35356,0
34390,0
2026,0
21735,0
26347,0
18280,0
16071,0
29840,0
13910,0
15546,0
669,0
29635,0
12753,0
8049,0
18225,0
3241,0
23464,0
37415,0
33082,0
16326,0
29731,0
21975,0
3047,0
14124,0
1926,0
5415,0
16988,0
28652,0
38825,0
22518,0
28690,0
22912,0
41735,0
21963,0
15374,0
14172,0
3597,0
26132,0
25123,0
906,0
43890,0
41305,0
27302,0
43034,0
11156,0
7756,0
8854,0
18587,0
18370,0
21788,0
633,0
715,0
43320,0
23078,0
15025,0
32926,0
6513,0
24439,0
44116,0
37161,0
989,0
9650,0
37129,0
30674,0
40647,0
16476,0
12849,0
22524,0
5851,0
9310,0
12447,0
44770,0
24110,0
37216,0
23141,0
23621,0
9165,0
27855,0
26196,0
34941,0
27020,0
34174,0
11428,0
38485,0
18775,0
26955,0
8682,0
37065,0
36660,0
4046,0
5617,0
5295,0
25586,0
43090,0
17877,0
37196,0
9311,0
21340,0
7592,0
41063,0
20158,0
3271,0
21567,0
12840,0
23825,0
18805,0
8550,0
21755,0
28116,0
20542,0
28030,0
31227,0
13506,0
9134,0
2860,0
16976,0
35282,0
44372,0
20210,0
29855,0
24451,0
36859,0
9269,0
2032,0
38086,0
1343,0
42069,0
19571,0
7451,0
6095,0
915,0
22987,0
34905,0
9571,0
41506,0
11035,0
4087,0
36003,0
36438,0
7403,0
30529,0
8575,0
33594,0
23641,0
8402,0
22322,0
43476,0
21629,0
18585,0
15406,0
11828,0
7081,0
834,0
5071,0
19850,0
27047,0
4042,0
8793,0
44908,0
29031,0
11162,0
18220,0
23134,0
18657,0
16739,0
18790,0
41709,0
15653,0
8767,0
37284,0
4128,0
1818,0
19891,0
36602,0
29644,0
1512,0
25621,0
17844,0
4921,0
20012,0
9495,0
21689,0
31732,0
7346,0
34495,0
29297,0
357,0
24009,0
42250,0
20764,0
14053,0
27652,0
42603,0
25283,0
9539,0
27512,0
42032,0
15131,0
29906,0
4866,0
15814,0
32045,0
37363,0
32201,0
26598,0
6190,0
35793,0
14074,0
22645,0
34955,0
43430,0
15245,0
43127,0
43291,0
32331,0
31624,0
12513,0
30030,0
23171,0
8219,0
23082,0
21339,0
18572,0
7604,0
9252,0
38041,0
26700,0
1990,0
34332,0
3278,0
33171,0
12023,0
42424,0
34114,0
24501,0
41869,0
39119,0
9383,0
43378,0
38392,0
41875,0
36227,0
29168,0
8803,0
4981,0
42228,0
9388,0
29722,0
5294,0
22376,0
26703,0
26242,0
4650,0
15942,0
5778,0
42233,0
31134,0
42627,0
43822,0
34652,0
36981,0
10466,0
19023,0
28086,0
35963,0
16594,0
14072,0
5545,0
43417,0
11699,0
7670,0
1019,0
21693,0
14258,0
23813,0
13294,0
30614,0
20229,0
5322,0
33195,0
30858,0
14408,0
35999,0
23168,0
23908,0
44503,0
23669,0
25492,0
38694,0
22977,0
42110,0
23720,0
27875,0
14398,0
1793,0
9437,0
17156,0
15712,0
11483,0
12790,0
3270,0
16614,0
1960,0
16978,0
3321,0
43856,0
35106,0
35087,0
29883,0
3104,0
17469,0
32420,0
8623,0
39960,0
12474,0
44956,0
22924,0
24494,0
2161,0
25317,0
37299,0
16399,0
33256,0
6462,0
16800,0
30318,0
13036,0
10454,0
21673,0
1324,0
21966,0
8928,0
44454,0
6405,0
14367,0
21176,0
44516,0
41082,0
29766,0
12642,0
20040,0
1368,0
30210,0
20634,0
41619,0
40595,0
41653,0
3620,0
18781,0
29544,0
20702,0
34459,0
24404,0
3409,0
36164,0
25011,0
6669,0
36329,0
9996,0
15709,0
11318,0
44728,0
10434,0
40714,0
39291,0
33232,0
44341,0
17180,0
29870,0
21972,0
23716,0
38932,0
34772,0
33624,0
36482,0
28650,0
35499,0
42198,0
2857,0
21956,0
19704,0
18286,0
35661,0
38709,0
3701,0
40735,0
36546,0
10815,0
493,0
7812,0
33138,0
816,0
26301,0
13010,0
16113,0
19350,0
17415,0
38332,0
43182,0
28641,0
27027,0
23164,0
32472,0
4394,0
21200,0
43700,0
5315,0
20612,0
10392,0
18301,0
44630,0
29430,0
2881,0
35638,0
32914,0
29000,0
5884,0
13664,0
41587,0
37366,0
37609,0
40745,0
22553,0
19099,0
1303,0
21428,0
22650,0
7816,0
702,0
17734,0
24670,0
33739,0
9849,0
8568,0
8327,0
43379,0
31892,0
9489,0
30596,0
38931,0
33452,0
41304,0
29117,0
39522,0
43936,0
30265,0
38935,0
16463,0
7630,0
13413,0
43500,0
1002,0
32412,0
5399,0
3892,0
5109,0
28550,0
38746,0
43468,0
43699,0
32429,0
42057,0
17673,0
39436,0
3141,0
15965,0
14957,0
36320,0
34542,0
1289,0
29450,0
24625,0
982,0
29665,0
29412,0
42796,0
43513,0
24632,0
22097,0
5330,0
4222,0
21249,0
4487,0
21128,0
44420,0
30626,0
36541,0
35906,0
18720,0
27038,0
43059,0
13041,0
13809,0
31175,0
9817,0
31157,0
1977,0
12814,0
29204,0
41109,0
28191,0
31768,0
38448,0
29820,0
23011,0
11553,0
14472,0
5200,0
20831,0
6541,0
21331,0
43014,0
12616,0
39533,0
31463,0
21619,0
20954,0
21179,0
22519,0
22575,0
13589,0
35993,0
8851,0
42319,0
18738,0
37436,0
6781,0
32735,0
7443,0
36601,0
44686,0
27543,0
3564,0
12257,0
35159,0
37908,0
14584,0
11757,0
39832,0
23517,0
9478,0
17813,0
9334,0
33836,0
10868,0
29615,0
39389,0
28971,0
31405,0
28811,0
38402,0
44741,0
41458,0
13527,0
30799,0
32646,0
19778,0
23020,0
17624,0
43472,0
32427,0
561,0
25430,0
8171,0
21351,0
22941,0
25313,0
4944,0
39475,0
4567,0
19845,0
41104,0
44581,0
26174,0
6471,0
12354,0
6363,0
15389,0
12566,0
19578,0
15327,0
12653,0
19266,0
4792,0
9683,0
27722,0
35855,0
29646,0
481,0
19098,0
18724,0
23116,0
14133,0
10133,0
8749,0
4104,0
31873,0
11752,0
34856,0
39922,0
14998,0
18211,0
9119,0
16341,0
35556,0
36010,0
44045,0
5486,0
5958,0
28701,0
26509,0
1706,0
20699,0
8390,0
2788,0
4106,0
635,0
10930,0
5170,0
11493,0
4729,0
7584,0
30599,0
20536,0
15418,0
20036,0
41808,0
22503,0
16731,0
9925,0
17546,0
11275,0
40781,0
26044,0
13136,0
34473,0
6106,0
37731,0
38994,0
13829,0
8437,0
28077,0
11295,0
10177,0
14960,0
11016,0
16445,0
195,0
33928,0
8294,0
7017,0
25076,0
9799,0
6406,0
17615,0
38467,0
25873,0
24514,0
34618,0
44702,0
32942,0
28320,0
40032,0
16335,0
22967,0
41347,0
39641,0
33358,0
16956,0
43073,0
5301,0
20583,0
22403,0
22844,0
20921,0
29756,0
19524,0
17700,0
30129,0
40964,0
3663,0
44900,0
21338,0
38100,0
36204,0
1233,0
25416,0
4554,0
42418,0
3341,0
22707,0
26209,0
39511,0
11317,0
8609,0
10029,0
16398,0
25262,0
25888,0
6779,0
39800,0
22695,0
8242,0
10959,0
37116,0
37165,0
39081,0
33540,0
29433,0
32511,0
25162,0
39648,0
15762,0
8034,0
41628,0
23458,0
31371,0
29084,0
9503,0
37682,0
29487,0
39429,0
29622,0
13651,0
41831,0
4933,0
22138,0
27526,0
27138,0
600,0
35454,0
44165,0
8527,0
823,0
35355,0
30731,0
15483,0
20510,0
24517,0
24266,0
31525,0
35592,0
40566,0
3763,0
15739,0
6183,0
29741,0
7778,0
15313,0
44348,0
34907,0
36618,0
36534,0
24115,0
21360,0
32317,0
4230,0
29040,0
639,0
12694,0
38999,0
41977,0
25876,0
25238,0
16425,0
35553,0
25593,0
36048,0
43097,0
20992,0
41014,0
37586,0
44068,0
37329,0
16111,0
7251,0
22331,0
42518,0
30619,0
37041,0
41263,0
29102,0
27247,0
7187,0
1495,0
36701,0
22077,0
1387,0
18700,0
4580,0
16483,0
14459,0
23548,0
7789,0
33598,0
20243,0
15445,0
24536,0
2846,0
42004,0
43485,0
13755,0
42459,0
11191,0
11178,0
7746,0
26682,0
6547,0
1382,0
27950,0
28504,0
25986,0
32243,0
12074,0
2226,0
20128,0
29061,0
22270,0
23341,0
5049,0
20716,0
29921,0
22822,0
36975,0
31559,0
20910,0
34342,0
30800,0
33148,0
5371,0
39639,0
4307,0
43763,0
14013,0
18591,0
10325,0
43103,0
31049,0
4894,0
13627,0
40971,0
35720,0
73,0
33390,0
44316,0
10587,0
23853,0
9325,0
22182,0
44912,0
11948,0
67,0
19929,0
13808,0
30461,0
10402,0
8757,0
17337,0
34965,0
31770,0
21598,0
39305,0
7659,0
29701,0
29596,0
41932,0
6144,0
23834,0
34752,0
22079,0
33899,0
12802,0
11165,0
43829,0
34995,0
30590,0
25488,0
17164,0
8722,0
7400,0
36520,0
25908,0
16548,0
25907,0
16281,0
8107,0
23245,0
25684,0
43400,0
2334,0
2068,0
16154,0
12170,0
27600,0
35208,0
28247,0
22295,0
15836,0
36986,0
16468,0
17998,0
21500,0
2939,0
25336,0
14611,0
15917,0
43512,0
16898,0
1618,0
4002,0
31884,0
35200,0
26417,0
3463,0
2618,0
33188,0
37486,0
25829,0
11256,0
26363,0
36012,0
16637,0
33147,0
42332,0
6454,0
40772,0
37694,0
43796,0
7823,0
43422,0
4486,0
12991,0
22586,0
36201,0
14892,0
44489,0
17918,0
8641,0
26279,0
37910,0
20499,0
17004,0
22989,0
19530,0
3139,0
14753,0
30063,0
29330,0
3612,0
40874,0
37866,0
6212,0
9866,0
2697,0
33290,0
38648,0
29579,0
36797,0
14697,0
29019,0
43510,0
9567,0
13890,0
12035,0
34025,0
25266,0
43609,0
29738,0
25046,0
11155,0
40885,0
26615,0
29027,0
8558,0
31083,0
18771,0
15270,0
8428,0
25567,0
29099,0
32114,0
30140,0
34238,0
4818,0
25992,0
37355,0
490,0
24308,0
1659,0
16639,0
28573,0
1855,0
19417,0
44037,0
15954,0
14019,0
6904,0
2671,0
28917,0
26169,0
23220,0
26375,0
11989,0
20308,0
14596,0
28615,0
9228,0
37628,0
24395,0
38433,0
10221,0
26842,0
9112,0
7809,0
15729,0
29540,0
17634,0
7170,0
14293,0
22684,0
29876,0
35585,0
10913,0
14885,0
27077,0
8932,0
22686,0
7306,0
28558,0
11579,0
24723,0
22293,0
18184,0
17957,0
22028,0
14989,0
44135,0
18129,0
38520,0
38232,0
15223,0
4963,0
32973,0
8981,0
13666,0
16108,0
38678,0
8212,0
41564,0
38781,0
19940,0
23130,0
23275,0
3719,0
32588,0
2058,0
43947,0
16966,0
34231,0
10212,0
7663,0
21132,0
15782,0
15564,0
9801,0
6974,0
3422,0
5194,0
1598,0
33011,0
162,0
22307,0
448,0
11517,0
28807,0
29706,0
11226,0
22407,0
37636,0
40716,0
6080,0
16211,0
32254,0
11979,0
15923,0
37133,0
23150,0
14288,0
21260,0
8678,0
33225,0
36692,0
26233,0
16098,0
36285,0
44302,0
19756,0
16112,0
20641,0
17334,0
15140,0
44735,0
44776,0
26142,0
18929,0
40022,0
43353,0
35180,0
10665,0
34067,0
16493,0
8915,0
38519,0
10810,0
14620,0
27405,0
21597,0
9590,0
38368,0
38572,0
43717,0
4148,0
36595,0
13247,0
37774,0
40189,0
6907,0
31135,0
26712,0
35892,0
19834,0
8163,0
37213,0
22795,0
42062,0
9854,0
18372,0
35912,0
24610,0
20333,0
17963,0
17870,0
33214,0
23494,0
32436,0
4440,0
35244,0
38505,0
24711,0
31506,0
43122,0
8265,0
5105,0
3928,0
35075,0
23321,0
11039,0
3379,0
4363,0
20142,0
9073,0
27535,0
18467,0
11927,0
14484,0
16029,0
18068,0
30579,0
43363,0
25434,0
43629,0
6929,0
24109,0
19146,0
15718,0
14105,0
37787,0
32958,0
12348,0
4932,0
31991,0
12171,0
32433,0
33393,0
17306,0
38744,0
18535,0
25550,0
29136,0
30507,0
21110,0
43966,0
10353,0
20464,0
19187,0
33026,0
8860,0
39815,0
9097,0
14037,0
9906,0
39311,0
24205,0
40135,0
26937,0
3721,0
13309,0
11962,0
39425,0
37831,0
1127,0
24233,0
37619,0
382,0
40178,0
24156,0
11061,0
20110,0
42,0
12420,0
22994,0
40851,0
2418,0
42092,0
36890,0
3615,0
10581,0
1442,0
25408,0
3623,0
30404,0
17669,0
26463,0
15404,0
24771,0
31107,0
35287,0
12751,0
22408,0
10441,0
4001,0
13171,0
18448,0
28788,0
10715,0
5815,0
3764,0
18243,0
42939,0
27155,0
32994,0
14202,0
9137,0
42387,0
23144,0
7597,0
1625,0
16686,0
17974,0
6342,0
30364,0
26895,0
1922,0
39381,0
14456,0
29134,0
11994,0
34771,0
30160,0
32520,0
19294,0
35298,0
3771,0
10450,0
10273,0
44839,0
29960,0
40488,0
32941,0
24442,0
43440,0
25976,0
24321,0
41152,0
43876,0
15177,0
2741,0
12264,0
7010,0
30569,0
25071,0
3300,0
24703,0
9320,0
31068,0
7784,0
42840,0
16842,0
41276,0
42051,0
37768,0
2127,0
9943,0
768,0
38283,0
37904,0
25084,0
26902,0
25159,0
38042,0
32949,0
15143,0
20712,0
35165,0
17770,0
1545,0
42544,0
30807,0
25128,0
22832,0
13911,0
16272,0
6452,0
24474,0
35425,0
11020,0
38237,0
21797,0
37727,0
32416,0
35416,0
6258,0
20042,0
1564,0
6118,0
18942,0
28981,0
14751,0
40375,0
36161,0
20257,0
17106,0
14843,0
20407,0
15393,0
2963,0
20185,0
24599,0
17756,0
42468,0
7412,0
42542,0
33947,0
26322,0
25803,0
36784,0
28102,0
5350,0
9288,0
41250,0
17660,0
11759,0
8628,0
5535,0
5446,0
31161,0
24624,0
36830,0
17283,0
36620,0
43023,0
5312,0
24923,0
12955,0
32930,0
25356,0
22189,0
17400,0
2343,0
25655,0
39184,0
21694,0
29887,0
7033,0
40416,0
2284,0
42245,0
22455,0
19442,0
19997,0
23780,0
36094,0
29217,0
26421,0
7845,0
15279,0
42697,0
3567,0
10340,0
10698,0
560,0
30709,0
27139,0
7787,0
11123,0
4823,0
14145,0
13344,0
24587,0
37228,0
15717,0
25304,0
4130,0
20130,0
15442,0
28155,0
33494,0
15800,0
7397,0
44406,0
12745,0
31966,0
5832,0
41150,0
41937,0
2982,0
13490,0
8181,0
14939,0
27256,0
44265,0
39587,0
14867,0
29732,0
22662,0
25683,0
9523,0
28710,0
16057,0
18707,0
29221,0
44066,0
31436,0
35949,0
41856,0
20112,0
32631,0
41090,0
4618,0
44350,0
11108,0
20223,0
41994,0
32324,0
23586,0
15420,0
1361,0
40079,0
4966,0
11919,0
32600,0
14476,0
19388,0
5634,0
34065,0
11306,0
40543,0
13969,0
10746,0
30955,0
41546,0
32900,0
4706,0
27,0
2353,0
17842,0
42570,0
15590,0
30557,0
12265,0
31668,0
21801,0
1294,0
11253,0
26096,0
23381,0
25112,0
13880,0
39374,0
29285,0
28200,0
6295,0
5611,0
40485,0
6801,0
163,0
35604,0
5392,0
39745,0
26067,0
34800,0
28607,0
39507,0
20797,0
34099,0
25062,0
20129,0
26199,0
23839,0
19157,0
41111,0
31022,0
32544,0
38725,0
15715,0
34949,0
31989,0
7765,0
5628,0
32820,0
25665,0
35104,0
44047,0
32551,0
41097,0
30636,0
4861,0
42077,0
25083,0
35729,0
10703,0
13493,0
8162,0
39154,0
14337,0
41876,0
20361,0
13552,0
33391,0
1726,0
4131,0
12371,0
11402,0
34079,0
22106,0
12242,0
3129,0
839,0
24279,0
27202,0
23477,0
217,0
10594,0
16939,0
30632,0
40937,0
12151,0
7637,0
13707,0
36597,0
32668,0
40229,0
23710,0
15429,0
15144,0
19832,0
43050,0
29362,0
1188,0
29087,0
24635,0
41724,0
42932,0
24908,0
42251,0
28890,0
23567,0
43540,0
15055,0
26207,0
29987,0
27985,0
24141,0
20717,0
22549,0
6795,0
3693,0
6345,0
5450,0
43429,0
3275,0
11209,0
43274,0
33879,0
37410,0
43438,0
41836,0
23367,0
4962,0
17590,0
13406,0
5488,0
43062,0
12580,0
19054,0
27830,0
24512,0
44950,0
39890,0
24665,0
40506,0
11670,0
32628,0
10156,0
12349,0
38740,0
21355,0
18302,0
39329,0
18559,0
16260,0
14983,0
15355,0
8616,0
38768,0
4144,0
11910,0
35520,0
3382,0
401,0
30269,0
40933,0
21064,0
13213,0
1363,0
19939,0
19711,0
34157,0
8843,0
6054,0
42445,0
28638,0
12078,0
13074,0
8815,0
20871,0
13662,0
20842,0
18472,0
33807,0
7135,0
5341,0
33043,0
13253,0
40335,0
16766,0
15822,0
23070,0
34165,0
28008,0
44668,0
20518,0
14310,0
16616,0
12912,0
1964,0
9471,0
41927,0
26678,0
9366,0
39508,0
28894,0
23540,0
31316,0
29312,0
14870,0
21379,0
4778,0
7421,0
10222,0
26325,0
41531,0
19326,0
36243,0
5457,0
25199,0
16865,0
35183,0
37646,0
2725,0
1838,0
44695,0
42157,0
43974,0
14987,0
25813,0
36350,0
23510,0
28566,0
1426,0
24186,0
30944,0
38141,0
11242,0
27706,0
31744,0
34622,0
40769,0
10633,0
827,0
7358,0
31066,0
38727,0
42279,0
16344,0
5831,0
594,0
19897,0
8589,0
29900,0
41658,0
116,0
9718,0
19645,0
33253,0
35704,0
24019,0
22038,0
14749,0
43278,0
37005,0
35156,0
35727,0
37035,0
35083,0
14070,0
9519,0
29947,0
17835,0
30767,0
27357,0
12638,0
28746,0
12114,0
14511,0
1769,0
25982,0
38065,0
445,0
17632,0
33454,0
23760,0
42222,0
25603,0
25925,0
3328,0
29077,0
22824,0
28637,0
5043,0
21672,0
20575,0
30805,0
16886,0
23894,0
40867,0
23536,0
40036,0
24464,0
42212,0
9001,0
17752,0
20553,0
14475,0
35478,0
21578,0
29593,0
17829,0
24809,0
17871,0
25119,0
1320,0
4868,0
9938,0
30090,0
43867,0
36298,0
18731,0
26409,0
32580,0
15330,0
26884,0
40796,0
3014,0
41966,0
27192,0
19866,0
27686,0
24820,0
18698,0
3086,0
8990,0
29592,0
7374,0
20893,0
8827,0
43493,0
3005,0
22947,0
26380,0
12142,0
10255,0
397,0
35125,0
8494,0
9031,0
20850,0
11606,0
18652,0
247,0
10001,0
27145,0
33725,0
10362,0
5361,0
40705,0
28437,0
25099,0
19692,0
17121,0
6585,0
21306,0
21430,0
7414,0
36917,0
35339,0
27331,0
1310,0
40601,0
35032,0
14657,0
3398,0
15830,0
1299,0
6473,0
30380,0
24720,0
9625,0
17455,0
19475,0
41160,0
9167,0
25650,0
39931,0
33673,0
15811,0
24915,0
10084,0
23681,0
16037,0
42813,0
7686,0
8118,0
22064,0
38169,0
24949,0
43727,0
21151,0
16815,0
30534,0
3982,0
36437,0
41067,0
27487,0
19164,0
15080,0
35940,0
23990,0
6836,0
28142,0
794,0
15345,0
30482,0
1229,0
7782,0
13763,0
9767,0
25166,0
44409,0
36030,0
34052,0
33554,0
22959,0
18613,0
20385,0
43872,0
20045,0
18690,0
39809,0
16807,0
44091,0
6323,0
25503,0
27560,0
22708,0
21522,0
44972,0
27011,0
6931,0
28874,0
30917,0
26924,0
44298,0
27634,0
5208,0
1803,0
39989,0
3550,0
16015,0
3002,0
30771,0
15725,0
29182,0
14912,0
40951,0
39715,0
23333,0
1666,0
7869,0
1051,0
32613,0
15159,0
12180,0
34668,0
27715,0
37670,0
26811,0
44738,0
30715,0
22466,0
27024,0
20046,0
15251,0
44895,0
39542,0
5981,0
44514,0
16773,0
25915,0
34713,0
1592,0
4969,0
18510,0
17231,0
7708,0
21875,0
42476,0
24787,0
41847,0
22451,0
35775,0
17879,0
1398,0
8611,0
7767,0
42227,0
44238,0
39397,0
23902,0
32389,0
7424,0
39901,0
14901,0
40347,0
38251,0
35411,0
23363,0
14412,0
32691,0
792,0
10795,0
13235,0
31664,0
3832,0
4587,0
30449,0
14490,0
26732,0
29542,0
26595,0
5232,0
18138,0
21763,0
24245,0
23178,0
9076,0
41613,0
724,0
7771,0
34009,0
7100,0
355,0
21325,0
38299,0
6453,0
11296,0
25300,0
43792,0
7119,0
28364,0
15880,0
6603,0
32525,0
44608,0
14953,0
32989,0
32302,0
18809,0
26090,0
1728,0
17278,0
9714,0
28259,0
36732,0
3986,0
31242,0
3876,0
39461,0
23633,0
8482,0
36147,0
9798,0
5088,0
30442,0
21835,0
28968,0
17718,0
32009,0
20347,0
37162,0
14601,0
2315,0
9486,0
27353,0
38969,0
33781,0
18950,0
30208,0
42745,0
43115,0
4068,0
18537,0
31489,0
2475,0
15290,0
30806,0
31353,0
21834,0
3089,0
31705,0
21079,0
8279,0
37859,0
16876,0
36594,0
27280,0
35950,0
11909,0
6880,0
2177,0
40795,0
33276,0
43052,0
8522,0
29384,0
13311,0
23719,0
44212,0
26641,0
78,0
43022,0
19171,0
13373,0
17190,0
25335,0
4633,0
36142,0
44148,0
4545,0
19727,0
9148,0
36559,0
14433,0
3038,0
26857,0
17792,0
37807,0
34638,0
20282,0
29038,0
39629,0
12850,0
39689,0
1132,0
23118,0
28673,0
22806,0
12209,0
18828,0
29648,0
21540,0
16643,0
2156,0
23088,0
30116,0
8778,0
27219,0
8380,0
12366,0
26629,0
22505,0
42979,0
18670,0
5750,0
21468,0
18427,0
29407,0
18197,0
17613,0
13214,0
32456,0
33575,0
1989,0
6414,0
31852,0
29988,0
22442,0
32005,0
30899,0
29929,0
13886,0
41120,0
30019,0
12457,0
39030,0
37464,0
20168,0
14109,0
10553,0
22179,0
3497,0
44334,0
9046,0
8653,0
42981,0
6953,0
40306,0
33408,0
6490,0
36092,0
41522,0
8278,0
12446,0
32969,0
5595,0
37763,0
31811,0
1918,0
691,0
28516,0
19137,0
3915,0
11494,0
24692,0
13974,0
30618,0
12818,0
44662,0
34609,0
20080,0
10938,0
38383,0
33495,0
1966,0
3352,0
14847,0
14416,0
12739,0
29416,0
3879,0
44550,0
25767,0
43582,0
20934,0
42850,0
9270,0
39986,0
612,0
29981,0
6947,0
36461,0
10426,0
26873,0
33231,0
22243,0
22332,0
38012,0
43161,0
21427,0
8020,0
31330,0
43762,0
37632,0
26500,0
11898,0
11599,0
19958,0
8396,0
44060,0
3356,0
37158,0
29351,0
40424,0
16142,0
11310,0
26704,0
29866,0
22878,0
35815,0
28062,0
2753,0
28728,0
39485,0
25351,0
17431,0
40710,0
5015,0
10673,0
41061,0
42397,0
8745,0
40718,0
2188,0
37922,0
34407,0
42410,0
23895,0
34075,0
34096,0
36366,0
4242,0
15795,0
10308,0
42999,0
42640,0
20747,0
32894,0
31196,0
13992,0
16075,0
38225,0
24747,0
18384,0
36046,0
14589,0
43167,0
7130,0
24130,0
6259,0
37969,0
36231,0
19076,0
3015,0
11574,0
22136,0
17109,0
39159,0
12807,0
17309,0
30542,0
19329,0
3793,0
33698,0
5721,0
43840,0
18396,0
21233,0
30897,0
31257,0
19882,0
34019,0
18893,0
27632,0
36454,0
15714,0
23089,0
1372,0
30335,0
39535,0
15845,0
8260,0
11896,0
27726,0
9424,0
51,0
20562,0
925,0
28152,0
21905,0
13248,0
41920,0
35133,0
3059,0
30493,0
29730,0
18592,0
37995,0
1893,0
2910,0
38217,0
4603,0
9841,0
13415,0
846,0
44666,0
5960,0
37184,0
44340,0
3713,0
40730,0
44724,0
34529,0
41091,0
10496,0
35237,0
4452,0
28397,0
41870,0
16920,0
25393,0
11860,0
23325,0
42941,0
37614,0
5977,0
3365,0
37540,0
23533,0
21536,0
15696,0
40283,0
18984,0
32182,0
44330,0
18178,0
15160,0
24731,0
18255,0
37007,0
40148,0
22109,0
33623,0
14250,0
43296,0
21392,0
30502,0
41912,0
43612,0
9559,0
21373,0
12406,0
21127,0
39283,0
19261,0
30407,0
12859,0
3865,0
41410,0
4803,0
33309,0
31960,0
11197,0
30826,0
23644,0
1137,0
25048,0
40215,0
38811,0
16737,0
7106,0
23648,0
18366,0
39152,0
18891,0
17065,0
41710,0
42385,0
14598,0
43953,0
17090,0
11966,0
42460,0
6893,0
18468,0
2020,0
31333,0
27656,0
31524,0
26889,0
1058,0
42379,0
15211,0
9865,0
41511,0
24319,0
14652,0
37395,0
28225,0
44243,0
39354,0
9897,0
1612,0
21234,0
26781,0
7447,0
34027,0
26933,0
22479,0
8651,0
27910,0
37834,0
22739,0
44103,0
36443,0
29135,0
29895,0
5820,0
13480,0
17527,0
11143,0
2831,0
18905,0
42302,0
35650,0
14241,0
42707,0
13623,0
23624,0
8872,0
26145,0
41448,0
11278,0
27498,0
25511,0
20740,0
39842,0
41855,0
13364,0
13266,0
5591,0
6891,0
9011,0
708,0
20402,0
13056,0
6449,0
4243,0
32196,0
41190,0
43630,0
18071,0
37617,0
23351,0
38020,0
16191,0
24285,0
20357,0
8136,0
2668,0
6626,0
39699,0
2673,0
33820,0
19223,0
39674,0
37163,0
393,0
35730,0
19303,0
20473,0
1687,0
27454,0
1761,0
33897,0
31701,0
32605,0
40291,0
31277,0
36903,0
32246,0
23021,0
5296,0
18222,0
36848,0
2585,0
44652,0
2663,0
21398,0
1873,0
36723,0
30303,0
32457,0
44368,0
15848,0
10680,0
37135,0
44641,0
9368,0
35453,0
12503,0
36686,0
26655,0
34522,0
34589,0
29965,0
44277,0
44261,0
41371,0
23958,0
20433,0
32578,0
1434,0
8343,0
35254,0
13049,0
33766,0
34888,0
2437,0
33402,0
30640,0
25901,0
17980,0
24424,0
6250,0
1270,0
14054,0
3166,0
11357,0
41253,0
14242,0
44432,0
1080,0
8630,0
23757,0
33226,0
12290,0
13732,0
9127,0
17302,0
34651,0
1808,0
24814,0
42370,0
22399,0
10870,0
28482,0
25181,0
36402,0
32624,0
15158,0
6252,0
13545,0
39020,0
30817,0
36661,0
37396,0
29955,0
8246,0
23049,0
15032,0
17295,0
29057,0
31807,0
37003,0
6481,0
31018,0
1508,0
34278,0
15382,0
24647,0
17263,0
22153,0
32480,0
27338,0
25293,0
14836,0
4526,0
35666,0
21459,0
2754,0
13307,0
14071,0
41662,0
9068,0
30186,0
29687,0
36361,0
4111,0
30778,0
3259,0
39591,0
30667,0
21896,0
20880,0
12727,0
443,0
30414,0
35778,0
40164,0
21250,0
879,0
35221,0
34325,0
298,0
7157,0
27328,0
38164,0
2331,0
35644,0
35337,0
3515,0
9066,0
41672,0
40670,0
20294,0
33222,0
27209,0
20462,0
31318,0
3601,0
32229,0
12994,0
4956,0
29166,0
32508,0
32371,0
3150,0
41803,0
38701,0
31777,0
28827,0
739,0
43715,0
31573,0
32300,0
13815,0
34064,0
4901,0
18872,0
40780,0
12330,0
1506,0
8968,0
40450,0
2536,0
36119,0
28521,0
2048,0
13845,0
13337,0
40240,0
32328,0
17436,0
35878,0
2444,0
1955,0
28608,0
3899,0
11911,0
14447,0
9706,0
6946,0
435,0
1267,0
17429,0
37014,0
37078,0
41296,0
31828,0
10182,0
5246,0
38398,0
3368,0
23717,0
40427,0
34483,0
14128,0
26948,0
43083,0
38096,0
10819,0
40279,0
35562,0
31115,0
12338,0
19484,0
27411,0
44076,0
19605,0
3176,0
12825,0
33010,0
37804,0
40099,0
12317,0
18635,0
10022,0
41766,0
38327,0
37208,0
11040,0
2977,0
4631,0
33769,0
43690,0
37061,0
25600,0
24817,0
30963,0
23198,0
43142,0
7253,0
12946,0
2516,0
35841,0
39234,0
4812,0
30952,0
42175,0
15526,0
14060,0
10410,0
35489,0
17037,0
24990,0
26265,0
31543,0
20519,0
19351,0
17252,0
4910,0
24846,0
43677,0
6413,0
24816,0
4864,0
41179,0
22088,0
43591,0
32447,0
7829,0
18609,0
33681,0
40711,0
36338,0
42549,0
10399,0
21403,0
412,0
36931,0
43153,0
39430,0
11959,0
44170,0
3222,0
13004,0
15120,0
3170,0
29882,0
26871,0
34886,0
19844,0
35071,0
40237,0
23989,0
33170,0
15583,0
35581,0
35919,0
28712,0
18721,0
34307,0
4583,0
37811,0
30838,0
8874,0
24252,0
5440,0
36487,0
22757,0
34999,0
42180,0
4388,0
8040,0
1150,0
30627,0
3946,0
26319,0
21214,0
7628,0
19853,0
713,0
42538,0
9533,0
14114,0
3953,0
3342,0
29837,0
15658,0
16808,0
1114,0
8427,0
22973,0
22571,0
23845,0
42807,0
17168,0
1890,0
11173,0
6550,0
41682,0
40219,0
44297,0
34903,0
25759,0
12920,0
12021,0
15538,0
39263,0
12017,0
3792,0
7973,0
14236,0
5674,0
14256,0
24092,0
41385,0
31394,0
14477,0
8237,0
13269,0
5761,0
14616,0
42284,0
31268,0
10108,0
34213,0
40680,0
22372,0
34695,0
